Enlace,Periodo,Cap,Real,Img
1ROM-AGUA,01.__2021,"1,480.00",0.00,0.03
1ROM-AGUA,02.__2022,0.00,0.00,0.00
1ROM-AGUA,03.__2023,0.00,0.00,0.00
1ROM-AGUA,04.__2024,224.00,2.06,262.80
1ROM-AGUA,05.__2025,0.00,0.00,0.00
1ROM-AGUA,06.__2026,0.00,0.00,0.00
1ROM-AGUA,07.__2027,0.00,0.00,0.00
1ROM-AGUA,08.__2028,0.00,0.00,0.00
1ROM-AGUA,09.__2029,0.00,0.00,0.00
1ROM-AGUA,10.__2030,0.00,0.00,0.00
1ROM-AGUA,11.__2031,0.00,0.00,0.00
1ROM-AGUA,12.__2032,0.00,0.00,0.00
1ROM-AGUA,13.__2033,0.00,0.00,0.00
1ROM-AGUA,14.__2034,0.00,0.00,0.00
1ROM-AGUA,15.__2035,0.00,0.00,0.00
1ROM-AGUA,16.__2036,0.00,0.00,0.00
1ROM-AGUA,17.__2037,0.00,0.00,0.00
1ROM-AGUA,18.__2038,0.00,0.00,0.00
1ROM-AGUA,19.__2039,0.00,0.00,0.00
1ROM-AGUA,20.__2040,0.00,0.00,0.00
1ROM-AGUA,21.__2041,0.00,0.00,0.00
AGUA-LEON,01.__2021,"1,500.00",0.00,0.01
AGUA-LEON,02.__2022,0.00,0.00,0.00
AGUA-LEON,03.__2023,0.00,0.00,0.00
AGUA-LEON,04.__2024,0.00,0.00,0.00
AGUA-LEON,05.__2025,0.00,0.00,0.00
AGUA-LEON,06.__2026,350.00,0.69,73.39
AGUA-LEON,07.__2027,0.00,0.00,0.00
AGUA-LEON,08.__2028,0.00,0.00,0.00
AGUA-LEON,09.__2029,0.00,0.00,0.00
AGUA-LEON,10.__2030,0.00,0.00,0.00
AGUA-LEON,11.__2031,0.00,0.00,0.00
AGUA-LEON,12.__2032,0.00,0.00,0.00
AGUA-LEON,13.__2033,0.00,0.00,0.00
AGUA-LEON,14.__2034,0.00,0.00,0.00
AGUA-LEON,15.__2035,0.00,0.00,0.00
AGUA-LEON,16.__2036,0.00,0.00,0.00
AGUA-LEON,17.__2037,0.00,0.00,0.00
AGUA-LEON,18.__2038,0.00,0.00,0.00
AGUA-LEON,19.__2039,0.00,0.00,0.00
AGUA-LEON,20.__2040,0.00,0.00,0.00
AGUA-LEON,21.__2041,0.00,0.00,0.00
AGUA-SLP,01.__2021,"1,300.00",0.00,0.01
AGUA-SLP,02.__2022,0.00,0.00,0.00
AGUA-SLP,03.__2023,0.00,0.00,0.00
AGUA-SLP,04.__2024,0.00,0.00,0.00
AGUA-SLP,05.__2025,0.00,0.00,0.00
AGUA-SLP,06.__2026,0.00,0.00,0.00
AGUA-SLP,07.__2027,0.00,0.00,0.00
AGUA-SLP,08.__2028,0.00,0.00,0.00
AGUA-SLP,09.__2029,0.00,0.00,0.00
AGUA-SLP,10.__2030,0.00,0.00,0.00
AGUA-SLP,11.__2031,0.00,0.00,0.00
AGUA-SLP,12.__2032,0.00,0.00,0.00
AGUA-SLP,13.__2033,0.00,0.00,0.00
AGUA-SLP,14.__2034,0.00,0.00,0.00
AGUA-SLP,15.__2035,0.00,0.00,0.00
AGUA-SLP,16.__2036,0.00,0.00,0.00
AGUA-SLP,17.__2037,0.00,0.00,0.00
AGUA-SLP,18.__2038,0.00,0.00,0.00
AGUA-SLP,19.__2039,0.00,0.00,0.00
AGUA-SLP,20.__2040,0.00,0.00,0.00
AGUA-SLP,21.__2041,0.00,0.00,0.00
CAMA-CHIH,01.__2021,565.00,0.00,0.02
CAMA-CHIH,02.__2022,0.00,0.00,0.00
CAMA-CHIH,03.__2023,0.00,0.00,0.00
CAMA-CHIH,04.__2024,0.00,0.00,0.00
CAMA-CHIH,05.__2025,0.00,0.00,0.00
CAMA-CHIH,06.__2026,0.00,0.00,0.00
CAMA-CHIH,07.__2027,0.00,0.00,0.00
CAMA-CHIH,08.__2028,0.00,0.00,0.00
CAMA-CHIH,09.__2029,0.00,0.00,0.00
CAMA-CHIH,10.__2030,0.00,0.00,0.00
CAMA-CHIH,11.__2031,0.00,0.00,0.00
CAMA-CHIH,12.__2032,0.00,0.00,0.00
CAMA-CHIH,13.__2033,0.00,0.00,0.00
CAMA-CHIH,14.__2034,0.00,0.00,0.00
CAMA-CHIH,15.__2035,0.00,0.00,0.00
CAMA-CHIH,16.__2036,0.00,0.00,0.00
CAMA-CHIH,17.__2037,0.00,0.00,0.00
CAMA-CHIH,18.__2038,0.00,0.00,0.00
CAMA-CHIH,19.__2039,0.00,0.00,0.00
CAMA-CHIH,20.__2040,0.00,0.00,0.00
CAMA-CHIH,21.__2041,0.00,0.00,0.00
CANA-6ABR,01.__2021,440.00,0.01,0.04
CANA-6ABR,02.__2022,0.00,0.00,0.00
CANA-6ABR,03.__2023,0.00,0.00,0.00
CANA-6ABR,04.__2024,0.00,0.00,0.00
CANA-6ABR,05.__2025,0.00,0.00,0.00
CANA-6ABR,06.__2026,0.00,0.00,0.00
CANA-6ABR,07.__2027,0.00,0.00,0.00
CANA-6ABR,08.__2028,0.00,0.00,0.00
CANA-6ABR,09.__2029,0.00,0.00,0.00
CANA-6ABR,10.__2030,0.00,0.00,0.00
CANA-6ABR,11.__2031,0.00,0.00,0.00
CANA-6ABR,12.__2032,0.00,0.00,0.00
CANA-6ABR,13.__2033,0.00,0.00,0.00
CANA-6ABR,14.__2034,0.00,0.00,0.00
CANA-6ABR,15.__2035,0.00,0.00,0.00
CANA-6ABR,16.__2036,0.00,0.00,0.00
CANA-6ABR,17.__2037,0.00,0.00,0.00
CANA-6ABR,18.__2038,0.00,0.00,0.00
CANA-6ABR,19.__2039,0.00,0.00,0.00
CANA-6ABR,20.__2040,0.00,0.00,0.00
CANA-6ABR,21.__2041,0.00,0.00,0.00
CARA-LCAR,01.__2021,720.00,0.00,0.06
CARA-LCAR,02.__2022,0.00,0.00,0.00
CARA-LCAR,03.__2023,0.00,0.00,0.00
CARA-LCAR,04.__2024,0.00,0.00,0.00
CARA-LCAR,05.__2025,0.00,0.00,0.00
CARA-LCAR,06.__2026,0.00,0.00,0.00
CARA-LCAR,07.__2027,0.00,0.00,0.00
CARA-LCAR,08.__2028,530.00,0.00,0.03
CARA-LCAR,09.__2029,0.00,0.00,0.00
CARA-LCAR,10.__2030,0.00,0.00,0.00
CARA-LCAR,11.__2031,0.00,0.00,0.00
CARA-LCAR,12.__2032,0.00,0.00,0.00
CARA-LCAR,13.__2033,0.00,0.00,0.00
CARA-LCAR,14.__2034,0.00,0.00,0.00
CARA-LCAR,15.__2035,0.00,0.00,0.00
CARA-LCAR,16.__2036,0.00,0.00,0.00
CARA-LCAR,17.__2037,0.00,0.00,0.00
CARA-LCAR,18.__2038,0.00,0.00,0.00
CARA-LCAR,19.__2039,0.00,0.00,0.00
CARA-LCAR,20.__2040,0.00,0.00,0.00
CARA-LCAR,21.__2041,0.00,0.00,0.00
CARA-SALM,01.__2021,700.00,0.00,0.02
CARA-SALM,02.__2022,0.00,0.00,0.00
CARA-SALM,03.__2023,0.00,0.00,0.00
CARA-SALM,04.__2024,0.00,0.00,0.00
CARA-SALM,05.__2025,0.00,0.00,0.00
CARA-SALM,06.__2026,0.00,0.00,0.00
CARA-SALM,07.__2027,0.00,0.00,0.00
CARA-SALM,08.__2028,0.00,0.00,0.00
CARA-SALM,09.__2029,0.00,0.00,0.00
CARA-SALM,10.__2030,0.00,0.00,0.00
CARA-SALM,11.__2031,0.00,0.00,0.00
CARA-SALM,12.__2032,0.00,0.00,0.00
CARA-SALM,13.__2033,0.00,0.00,0.00
CARA-SALM,14.__2034,0.00,0.00,0.00
CARA-SALM,15.__2035,0.00,0.00,0.00
CARA-SALM,16.__2036,0.00,0.00,0.00
CARA-SALM,17.__2037,0.00,0.00,0.00
CARA-SALM,18.__2038,0.00,0.00,0.00
CARA-SALM,19.__2039,0.00,0.00,0.00
CARA-SALM,20.__2040,0.00,0.00,0.00
CARA-SALM,21.__2041,0.00,0.00,0.00
CENT-POZA,01.__2021,"2,250.00",0.00,0.02
CENT-POZA,02.__2022,0.00,0.00,0.00
CENT-POZA,03.__2023,0.00,0.00,0.00
CENT-POZA,04.__2024,0.00,0.00,0.00
CENT-POZA,05.__2025,0.00,0.00,0.00
CENT-POZA,06.__2026,0.00,0.00,0.00
CENT-POZA,07.__2027,0.00,0.00,0.00
CENT-POZA,08.__2028,0.00,0.00,0.00
CENT-POZA,09.__2029,0.00,0.00,0.00
CENT-POZA,10.__2030,0.00,0.00,0.00
CENT-POZA,11.__2031,0.00,0.00,0.00
CENT-POZA,12.__2032,0.00,0.00,0.00
CENT-POZA,13.__2033,0.00,0.00,0.00
CENT-POZA,14.__2034,0.00,0.00,0.00
CENT-POZA,15.__2035,0.00,0.00,0.00
CENT-POZA,16.__2036,0.00,0.00,0.00
CENT-POZA,17.__2037,0.00,0.00,0.00
CENT-POZA,18.__2038,0.00,0.00,0.00
CENT-POZA,19.__2039,0.00,0.00,0.00
CENT-POZA,20.__2040,0.00,0.00,0.00
CENT-POZA,21.__2041,0.00,0.00,0.00
CENT-PUEB,01.__2021,"2,850.00",0.00,0.00
CENT-PUEB,02.__2022,0.00,0.00,0.00
CENT-PUEB,03.__2023,0.00,0.00,0.00
CENT-PUEB,04.__2024,0.00,0.00,0.00
CENT-PUEB,05.__2025,0.00,0.00,0.00
CENT-PUEB,06.__2026,0.00,0.00,0.00
CENT-PUEB,07.__2027,0.00,0.00,0.00
CENT-PUEB,08.__2028,0.00,0.00,0.00
CENT-PUEB,09.__2029,0.00,0.00,0.00
CENT-PUEB,10.__2030,0.00,0.00,0.00
CENT-PUEB,11.__2031,0.00,0.00,0.00
CENT-PUEB,12.__2032,0.00,0.00,0.00
CENT-PUEB,13.__2033,0.00,0.00,0.00
CENT-PUEB,14.__2034,0.00,0.00,0.00
CENT-PUEB,15.__2035,0.00,0.00,0.00
CENT-PUEB,16.__2036,0.00,0.00,0.00
CENT-PUEB,17.__2037,0.00,0.00,0.00
CENT-PUEB,18.__2038,0.00,0.00,0.00
CENT-PUEB,19.__2039,0.00,0.00,0.00
CENT-PUEB,20.__2040,0.00,0.00,0.00
CENT-PUEB,21.__2041,0.00,0.00,0.00
CUL-MAZ,01.__2021,"1,350.00",0.00,0.02
CUL-MAZ,02.__2022,0.00,0.00,0.00
CUL-MAZ,03.__2023,0.00,0.00,0.00
CUL-MAZ,04.__2024,200.00,2.08,223.39
CUL-MAZ,05.__2025,0.00,0.00,0.00
CUL-MAZ,06.__2026,520.00,0.01,0.06
CUL-MAZ,07.__2027,0.00,0.00,0.00
CUL-MAZ,08.__2028,0.00,0.00,0.00
CUL-MAZ,09.__2029,0.00,0.00,0.00
CUL-MAZ,10.__2030,0.00,0.00,0.00
CUL-MAZ,11.__2031,0.00,0.00,0.00
CUL-MAZ,12.__2032,0.00,0.00,0.00
CUL-MAZ,13.__2033,0.00,0.00,0.00
CUL-MAZ,14.__2034,0.00,0.00,0.00
CUL-MAZ,15.__2035,0.00,0.00,0.00
CUL-MAZ,16.__2036,0.00,0.00,0.00
CUL-MAZ,17.__2037,0.00,0.00,0.00
CUL-MAZ,18.__2038,0.00,0.00,0.00
CUL-MAZ,19.__2039,0.00,0.00,0.00
CUL-MAZ,20.__2040,0.00,0.00,0.00
CUL-MAZ,21.__2041,0.00,0.00,0.00
CHET-BELI,01.__2021,55.00,0.04,0.16
CHET-BELI,02.__2022,0.00,0.00,0.00
CHET-BELI,03.__2023,0.00,0.00,0.00
CHET-BELI,04.__2024,0.00,0.00,0.00
CHET-BELI,05.__2025,0.00,0.00,0.00
CHET-BELI,06.__2026,0.00,0.00,0.00
CHET-BELI,07.__2027,0.00,0.00,0.00
CHET-BELI,08.__2028,0.00,0.00,0.00
CHET-BELI,09.__2029,0.00,0.00,0.00
CHET-BELI,10.__2030,0.00,0.00,0.00
CHET-BELI,11.__2031,0.00,0.00,0.00
CHET-BELI,12.__2032,0.00,0.00,0.00
CHET-BELI,13.__2033,0.00,0.00,0.00
CHET-BELI,14.__2034,0.00,0.00,0.00
CHET-BELI,15.__2035,0.00,0.00,0.00
CHET-BELI,16.__2036,0.00,0.00,0.00
CHET-BELI,17.__2037,0.00,0.00,0.00
CHET-BELI,18.__2038,0.00,0.00,0.00
CHET-BELI,19.__2039,0.00,0.00,0.00
CHET-BELI,20.__2040,0.00,0.00,0.00
CHET-BELI,21.__2041,0.00,0.00,0.00
CHIH-CUAU,01.__2021,500.00,0.00,0.02
CHIH-CUAU,02.__2022,0.00,0.00,0.00
CHIH-CUAU,03.__2023,0.00,0.00,0.00
CHIH-CUAU,04.__2024,0.00,0.00,0.00
CHIH-CUAU,05.__2025,0.00,0.00,0.00
CHIH-CUAU,06.__2026,0.00,0.00,0.00
CHIH-CUAU,07.__2027,0.00,0.00,0.00
CHIH-CUAU,08.__2028,0.00,0.00,0.00
CHIH-CUAU,09.__2029,0.00,0.00,0.00
CHIH-CUAU,10.__2030,0.00,0.00,0.00
CHIH-CUAU,11.__2031,0.00,0.00,0.00
CHIH-CUAU,12.__2032,0.00,0.00,0.00
CHIH-CUAU,13.__2033,0.00,0.00,0.00
CHIH-CUAU,14.__2034,0.00,0.00,0.00
CHIH-CUAU,15.__2035,0.00,0.00,0.00
CHIH-CUAU,16.__2036,0.00,0.00,0.00
CHIH-CUAU,17.__2037,0.00,0.00,0.00
CHIH-CUAU,18.__2038,0.00,0.00,0.00
CHIH-CUAU,19.__2039,0.00,0.00,0.00
CHIH-CUAU,20.__2040,0.00,0.00,0.00
CHIH-CUAU,21.__2041,0.00,0.00,0.00
CHIH-RIOE,01.__2021,450.00,0.01,0.14
CHIH-RIOE,02.__2022,0.00,0.00,0.00
CHIH-RIOE,03.__2023,0.00,0.00,0.00
CHIH-RIOE,04.__2024,0.00,0.00,0.00
CHIH-RIOE,05.__2025,0.00,0.00,0.00
CHIH-RIOE,06.__2026,0.00,0.00,0.00
CHIH-RIOE,07.__2027,0.00,0.00,0.00
CHIH-RIOE,08.__2028,0.00,0.00,0.00
CHIH-RIOE,09.__2029,0.00,0.00,0.00
CHIH-RIOE,10.__2030,0.00,0.00,0.00
CHIH-RIOE,11.__2031,0.00,0.00,0.00
CHIH-RIOE,12.__2032,0.00,0.00,0.00
CHIH-RIOE,13.__2033,0.00,0.00,0.00
CHIH-RIOE,14.__2034,0.00,0.00,0.00
CHIH-RIOE,15.__2035,0.00,0.00,0.00
CHIH-RIOE,16.__2036,0.00,0.00,0.00
CHIH-RIOE,17.__2037,0.00,0.00,0.00
CHIH-RIOE,18.__2038,0.00,0.00,0.00
CHIH-RIOE,19.__2039,0.00,0.00,0.00
CHIH-RIOE,20.__2040,0.00,0.00,0.00
CHIH-RIOE,21.__2041,0.00,0.00,0.00
DOGU-CENT,01.__2021,"1,350.00",0.00,0.01
DOGU-CENT,02.__2022,0.00,0.00,0.00
DOGU-CENT,03.__2023,0.00,0.00,0.00
DOGU-CENT,04.__2024,0.00,0.00,0.00
DOGU-CENT,05.__2025,0.00,0.00,0.00
DOGU-CENT,06.__2026,100.00,0.00,0.03
DOGU-CENT,07.__2027,0.00,0.00,0.00
DOGU-CENT,08.__2028,0.00,0.00,0.00
DOGU-CENT,09.__2029,0.00,0.00,0.00
DOGU-CENT,10.__2030,0.00,0.00,0.00
DOGU-CENT,11.__2031,0.00,0.00,0.00
DOGU-CENT,12.__2032,0.00,0.00,0.00
DOGU-CENT,13.__2033,0.00,0.00,0.00
DOGU-CENT,14.__2034,0.00,0.00,0.00
DOGU-CENT,15.__2035,0.00,0.00,0.00
DOGU-CENT,16.__2036,0.00,0.00,0.00
DOGU-CENT,17.__2037,0.00,0.00,0.00
DOGU-CENT,18.__2038,0.00,0.00,0.00
DOGU-CENT,19.__2039,0.00,0.00,0.00
DOGU-CENT,20.__2040,0.00,0.00,0.00
DOGU-CENT,21.__2041,0.00,0.00,0.00
DOGU-LCAR,01.__2021,"2,525.00",0.00,0.01
DOGU-LCAR,02.__2022,0.00,0.00,0.00
DOGU-LCAR,03.__2023,0.00,0.00,0.00
DOGU-LCAR,04.__2024,0.00,0.00,0.00
DOGU-LCAR,05.__2025,0.00,0.00,0.00
DOGU-LCAR,06.__2026,0.00,0.00,0.00
DOGU-LCAR,07.__2027,0.00,0.00,0.00
DOGU-LCAR,08.__2028,0.00,0.00,0.00
DOGU-LCAR,09.__2029,0.00,0.00,0.00
DOGU-LCAR,10.__2030,0.00,0.00,0.00
DOGU-LCAR,11.__2031,0.00,0.00,0.00
DOGU-LCAR,12.__2032,0.00,0.00,0.00
DOGU-LCAR,13.__2033,0.00,0.00,0.00
DOGU-LCAR,14.__2034,0.00,0.00,0.00
DOGU-LCAR,15.__2035,0.00,0.00,0.00
DOGU-LCAR,16.__2036,0.00,0.00,0.00
DOGU-LCAR,17.__2037,0.00,0.00,0.00
DOGU-LCAR,18.__2038,0.00,0.00,0.00
DOGU-LCAR,19.__2039,0.00,0.00,0.00
DOGU-LCAR,20.__2040,0.00,0.00,0.00
DOGU-LCAR,21.__2041,0.00,0.00,0.00
DUR-AGUA,01.__2021,319.00,0.02,0.20
DUR-AGUA,02.__2022,0.00,0.00,0.00
DUR-AGUA,03.__2023,0.00,0.00,0.00
DUR-AGUA,04.__2024,0.00,0.00,0.00
DUR-AGUA,05.__2025,0.00,0.00,0.00
DUR-AGUA,06.__2026,0.00,0.00,0.00
DUR-AGUA,07.__2027,0.00,0.00,0.00
DUR-AGUA,08.__2028,0.00,0.00,0.00
DUR-AGUA,09.__2029,0.00,0.00,0.00
DUR-AGUA,10.__2030,0.00,0.00,0.00
DUR-AGUA,11.__2031,0.00,0.00,0.00
DUR-AGUA,12.__2032,0.00,0.00,0.00
DUR-AGUA,13.__2033,0.00,0.00,0.00
DUR-AGUA,14.__2034,0.00,0.00,0.00
DUR-AGUA,15.__2035,0.00,0.00,0.00
DUR-AGUA,16.__2036,0.00,0.00,0.00
DUR-AGUA,17.__2037,0.00,0.00,0.00
DUR-AGUA,18.__2038,0.00,0.00,0.00
DUR-AGUA,19.__2039,0.00,0.00,0.00
DUR-AGUA,20.__2040,0.00,0.00,0.00
DUR-AGUA,21.__2041,0.00,0.00,0.00
DZT-CANC,01.__2021,0.00,0.00,0.00
DZT-CANC,02.__2022,0.00,0.00,0.00
DZT-CANC,03.__2023,0.00,0.00,0.00
DZT-CANC,04.__2024,0.00,0.00,0.00
DZT-CANC,05.__2025,0.00,0.00,0.00
DZT-CANC,06.__2026,0.00,0.00,0.00
DZT-CANC,07.__2027,0.00,0.00,0.00
DZT-CANC,08.__2028,0.00,0.00,0.00
DZT-CANC,09.__2029,0.00,0.00,0.00
DZT-CANC,10.__2030,0.00,0.00,0.00
DZT-CANC,11.__2031,0.00,0.00,0.00
DZT-CANC,12.__2032,0.00,0.00,0.00
DZT-CANC,13.__2033,0.00,0.00,0.00
DZT-CANC,14.__2034,0.00,0.00,0.00
DZT-CANC,15.__2035,0.00,0.00,0.00
DZT-CANC,16.__2036,0.00,0.00,0.00
DZT-CANC,17.__2037,0.00,0.00,0.00
DZT-CANC,18.__2038,0.00,0.00,0.00
DZT-CANC,19.__2039,0.00,0.00,0.00
DZT-CANC,20.__2040,0.00,0.00,0.00
DZT-CANC,21.__2041,0.00,0.00,0.00
DZT-PILV,01.__2021,225.00,0.00,0.03
DZT-PILV,02.__2022,0.00,0.00,0.00
DZT-PILV,03.__2023,0.00,0.00,0.00
DZT-PILV,04.__2024,285.00,2.24,270.79
DZT-PILV,05.__2025,0.00,0.00,0.00
DZT-PILV,06.__2026,0.00,0.00,0.00
DZT-PILV,07.__2027,0.00,0.00,0.00
DZT-PILV,08.__2028,0.00,0.00,0.00
DZT-PILV,09.__2029,0.00,0.00,0.00
DZT-PILV,10.__2030,0.00,0.00,0.00
DZT-PILV,11.__2031,0.00,0.00,0.00
DZT-PILV,12.__2032,0.00,0.00,0.00
DZT-PILV,13.__2033,0.00,0.00,0.00
DZT-PILV,14.__2034,0.00,0.00,0.00
DZT-PILV,15.__2035,0.00,0.00,0.00
DZT-PILV,16.__2036,0.00,0.00,0.00
DZT-PILV,17.__2037,0.00,0.00,0.00
DZT-PILV,18.__2038,0.00,0.00,0.00
DZT-PILV,19.__2039,0.00,0.00,0.00
DZT-PILV,20.__2040,0.00,0.00,0.00
DZT-PILV,21.__2041,0.00,0.00,0.00
DZT-PLYC,01.__2021,225.00,0.00,0.03
DZT-PLYC,02.__2022,0.00,0.00,0.00
DZT-PLYC,03.__2023,0.00,0.00,0.00
DZT-PLYC,04.__2024,250.00,2.78,336.30
DZT-PLYC,05.__2025,0.00,0.00,0.00
DZT-PLYC,06.__2026,0.00,0.00,0.00
DZT-PLYC,07.__2027,0.00,0.00,0.00
DZT-PLYC,08.__2028,0.00,0.00,0.00
DZT-PLYC,09.__2029,0.00,0.00,0.00
DZT-PLYC,10.__2030,0.00,0.00,0.00
DZT-PLYC,11.__2031,0.00,0.00,0.00
DZT-PLYC,12.__2032,0.00,0.00,0.00
DZT-PLYC,13.__2033,0.00,0.00,0.00
DZT-PLYC,14.__2034,0.00,0.00,0.00
DZT-PLYC,15.__2035,0.00,0.00,0.00
DZT-PLYC,16.__2036,0.00,0.00,0.00
DZT-PLYC,17.__2037,0.00,0.00,0.00
DZT-PLYC,18.__2038,0.00,0.00,0.00
DZT-PLYC,19.__2039,0.00,0.00,0.00
DZT-PLYC,20.__2040,0.00,0.00,0.00
DZT-PLYC,21.__2041,0.00,0.00,0.00
ESCA-CHET,01.__2021,140.00,0.02,0.18
ESCA-CHET,02.__2022,0.00,0.00,0.00
ESCA-CHET,03.__2023,0.00,0.00,0.00
ESCA-CHET,04.__2024,0.00,0.00,0.00
ESCA-CHET,05.__2025,0.00,0.00,0.00
ESCA-CHET,06.__2026,0.00,0.00,0.00
ESCA-CHET,07.__2027,0.00,0.00,0.00
ESCA-CHET,08.__2028,0.00,0.00,0.00
ESCA-CHET,09.__2029,0.00,0.00,0.00
ESCA-CHET,10.__2030,0.00,0.00,0.00
ESCA-CHET,11.__2031,0.00,0.00,0.00
ESCA-CHET,12.__2032,0.00,0.00,0.00
ESCA-CHET,13.__2033,0.00,0.00,0.00
ESCA-CHET,14.__2034,0.00,0.00,0.00
ESCA-CHET,15.__2035,0.00,0.00,0.00
ESCA-CHET,16.__2036,0.00,0.00,0.00
ESCA-CHET,17.__2037,0.00,0.00,0.00
ESCA-CHET,18.__2038,0.00,0.00,0.00
ESCA-CHET,19.__2039,0.00,0.00,0.00
ESCA-CHET,20.__2040,0.00,0.00,0.00
ESCA-CHET,21.__2041,0.00,0.00,0.00
ESCA-LERM,01.__2021,95.00,0.02,0.09
ESCA-LERM,02.__2022,0.00,0.00,0.00
ESCA-LERM,03.__2023,0.00,0.00,0.00
ESCA-LERM,04.__2024,0.00,0.00,0.00
ESCA-LERM,05.__2025,0.00,0.00,0.00
ESCA-LERM,06.__2026,50.00,17.33,858.20
ESCA-LERM,07.__2027,0.00,0.00,0.00
ESCA-LERM,08.__2028,0.00,0.00,0.00
ESCA-LERM,09.__2029,0.00,0.00,0.00
ESCA-LERM,10.__2030,0.00,0.00,0.00
ESCA-LERM,11.__2031,0.00,0.00,0.00
ESCA-LERM,12.__2032,0.00,0.00,0.00
ESCA-LERM,13.__2033,0.00,0.00,0.00
ESCA-LERM,14.__2034,0.00,0.00,0.00
ESCA-LERM,15.__2035,0.00,0.00,0.00
ESCA-LERM,16.__2036,0.00,0.00,0.00
ESCA-LERM,17.__2037,0.00,0.00,0.00
ESCA-LERM,18.__2038,0.00,0.00,0.00
ESCA-LERM,19.__2039,0.00,0.00,0.00
ESCA-LERM,20.__2040,0.00,0.00,0.00
ESCA-LERM,21.__2041,0.00,0.00,0.00
ESCA-MERI,01.__2021,765.00,0.00,0.03
ESCA-MERI,02.__2022,0.00,0.00,0.00
ESCA-MERI,03.__2023,0.00,0.00,0.00
ESCA-MERI,04.__2024,-195.00,"1,000.00","10,000.00"
ESCA-MERI,05.__2025,0.00,0.00,0.00
ESCA-MERI,06.__2026,0.00,0.00,0.00
ESCA-MERI,07.__2027,0.00,0.00,0.00
ESCA-MERI,08.__2028,0.00,0.00,0.00
ESCA-MERI,09.__2029,0.00,0.00,0.00
ESCA-MERI,10.__2030,0.00,0.00,0.00
ESCA-MERI,11.__2031,0.00,0.00,0.00
ESCA-MERI,12.__2032,0.00,0.00,0.00
ESCA-MERI,13.__2033,0.00,0.00,0.00
ESCA-MERI,14.__2034,0.00,0.00,0.00
ESCA-MERI,15.__2035,0.00,0.00,0.00
ESCA-MERI,16.__2036,0.00,0.00,0.00
ESCA-MERI,17.__2037,0.00,0.00,0.00
ESCA-MERI,18.__2038,0.00,0.00,0.00
ESCA-MERI,19.__2039,0.00,0.00,0.00
ESCA-MERI,20.__2040,0.00,0.00,0.00
ESCA-MERI,21.__2041,0.00,0.00,0.00
GRIJ-COAT,01.__2021,"2,100.00",0.00,0.01
GRIJ-COAT,02.__2022,0.00,0.00,0.00
GRIJ-COAT,03.__2023,0.00,0.00,0.00
GRIJ-COAT,04.__2024,0.00,0.00,0.00
GRIJ-COAT,05.__2025,0.00,0.00,0.00
GRIJ-COAT,06.__2026,0.00,0.00,0.00
GRIJ-COAT,07.__2027,0.00,0.00,0.00
GRIJ-COAT,08.__2028,0.00,0.00,0.00
GRIJ-COAT,09.__2029,0.00,0.00,0.00
GRIJ-COAT,10.__2030,0.00,0.00,0.00
GRIJ-COAT,11.__2031,0.00,0.00,0.00
GRIJ-COAT,12.__2032,0.00,0.00,0.00
GRIJ-COAT,13.__2033,0.00,0.00,0.00
GRIJ-COAT,14.__2034,0.00,0.00,0.00
GRIJ-COAT,15.__2035,0.00,0.00,0.00
GRIJ-COAT,16.__2036,0.00,0.00,0.00
GRIJ-COAT,17.__2037,0.00,0.00,0.00
GRIJ-COAT,18.__2038,0.00,0.00,0.00
GRIJ-COAT,19.__2039,0.00,0.00,0.00
GRIJ-COAT,20.__2040,0.00,0.00,0.00
GRIJ-COAT,21.__2041,0.00,0.00,0.00
GRIJ-GUAT,01.__2021,240.00,0.00,0.02
GRIJ-GUAT,02.__2022,0.00,0.00,0.00
GRIJ-GUAT,03.__2023,0.00,0.00,0.00
GRIJ-GUAT,04.__2024,0.00,0.00,0.00
GRIJ-GUAT,05.__2025,0.00,0.00,0.00
GRIJ-GUAT,06.__2026,0.00,0.00,0.00
GRIJ-GUAT,07.__2027,0.00,0.00,0.00
GRIJ-GUAT,08.__2028,0.00,0.00,0.00
GRIJ-GUAT,09.__2029,0.00,0.00,0.00
GRIJ-GUAT,10.__2030,0.00,0.00,0.00
GRIJ-GUAT,11.__2031,0.00,0.00,0.00
GRIJ-GUAT,12.__2032,0.00,0.00,0.00
GRIJ-GUAT,13.__2033,0.00,0.00,0.00
GRIJ-GUAT,14.__2034,0.00,0.00,0.00
GRIJ-GUAT,15.__2035,0.00,0.00,0.00
GRIJ-GUAT,16.__2036,0.00,0.00,0.00
GRIJ-GUAT,17.__2037,0.00,0.00,0.00
GRIJ-GUAT,18.__2038,0.00,0.00,0.00
GRIJ-GUAT,19.__2039,0.00,0.00,0.00
GRIJ-GUAT,20.__2040,0.00,0.00,0.00
GRIJ-GUAT,21.__2041,0.00,0.00,0.00
GRIJ-TABA,01.__2021,"1,152.70",0.00,0.01
GRIJ-TABA,02.__2022,0.00,0.00,0.00
GRIJ-TABA,03.__2023,0.00,0.00,0.00
GRIJ-TABA,04.__2024,0.00,0.00,0.00
GRIJ-TABA,05.__2025,0.00,0.00,0.00
GRIJ-TABA,06.__2026,522.40,0.83,83.37
GRIJ-TABA,07.__2027,0.00,0.00,0.00
GRIJ-TABA,08.__2028,0.00,0.00,0.00
GRIJ-TABA,09.__2029,0.00,0.00,0.00
GRIJ-TABA,10.__2030,0.00,0.00,0.00
GRIJ-TABA,11.__2031,0.00,0.00,0.00
GRIJ-TABA,12.__2032,0.00,0.00,0.00
GRIJ-TABA,13.__2033,0.00,0.00,0.00
GRIJ-TABA,14.__2034,0.00,0.00,0.00
GRIJ-TABA,15.__2035,0.00,0.00,0.00
GRIJ-TABA,16.__2036,0.00,0.00,0.00
GRIJ-TABA,17.__2037,0.00,0.00,0.00
GRIJ-TABA,18.__2038,0.00,0.00,0.00
GRIJ-TABA,19.__2039,0.00,0.00,0.00
GRIJ-TABA,20.__2040,0.00,0.00,0.00
GRIJ-TABA,21.__2041,0.00,0.00,0.00
GUA-AGUA,01.__2021,"1,000.00",0.00,0.02
GUA-AGUA,02.__2022,0.00,0.00,0.00
GUA-AGUA,03.__2023,0.00,0.00,0.00
GUA-AGUA,04.__2024,0.00,0.00,0.00
GUA-AGUA,05.__2025,0.00,0.00,0.00
GUA-AGUA,06.__2026,0.00,0.00,0.00
GUA-AGUA,07.__2027,0.00,0.00,0.00
GUA-AGUA,08.__2028,0.00,0.00,0.00
GUA-AGUA,09.__2029,0.00,0.00,0.00
GUA-AGUA,10.__2030,0.00,0.00,0.00
GUA-AGUA,11.__2031,0.00,0.00,0.00
GUA-AGUA,12.__2032,0.00,0.00,0.00
GUA-AGUA,13.__2033,0.00,0.00,0.00
GUA-AGUA,14.__2034,0.00,0.00,0.00
GUA-AGUA,15.__2035,0.00,0.00,0.00
GUA-AGUA,16.__2036,0.00,0.00,0.00
GUA-AGUA,17.__2037,0.00,0.00,0.00
GUA-AGUA,18.__2038,0.00,0.00,0.00
GUA-AGUA,19.__2039,0.00,0.00,0.00
GUA-AGUA,20.__2040,0.00,0.00,0.00
GUA-AGUA,21.__2041,0.00,0.00,0.00
GUA-CARA,01.__2021,700.00,0.00,0.01
GUA-CARA,02.__2022,0.00,0.00,0.00
GUA-CARA,03.__2023,0.00,0.00,0.00
GUA-CARA,04.__2024,0.00,0.00,0.00
GUA-CARA,05.__2025,0.00,0.00,0.00
GUA-CARA,06.__2026,0.00,0.00,0.00
GUA-CARA,07.__2027,0.00,0.00,0.00
GUA-CARA,08.__2028,150.00,0.00,0.03
GUA-CARA,09.__2029,0.00,0.00,0.00
GUA-CARA,10.__2030,0.00,0.00,0.00
GUA-CARA,11.__2031,0.00,0.00,0.00
GUA-CARA,12.__2032,0.00,0.00,0.00
GUA-CARA,13.__2033,0.00,0.00,0.00
GUA-CARA,14.__2034,0.00,0.00,0.00
GUA-CARA,15.__2035,0.00,0.00,0.00
GUA-CARA,16.__2036,0.00,0.00,0.00
GUA-CARA,17.__2037,0.00,0.00,0.00
GUA-CARA,18.__2038,0.00,0.00,0.00
GUA-CARA,19.__2039,0.00,0.00,0.00
GUA-CARA,20.__2040,0.00,0.00,0.00
GUA-CARA,21.__2041,0.00,0.00,0.00
GUAD-LCAR,01.__2021,580.00,0.01,0.06
GUAD-LCAR,02.__2022,0.00,0.00,0.00
GUAD-LCAR,03.__2023,0.00,0.00,0.00
GUAD-LCAR,04.__2024,0.00,0.00,0.00
GUAD-LCAR,05.__2025,0.00,0.00,0.00
GUAD-LCAR,06.__2026,0.00,0.00,0.00
GUAD-LCAR,07.__2027,0.00,0.00,0.00
GUAD-LCAR,08.__2028,-580.00,"1,000.00","10,000.00"
GUAD-LCAR,09.__2029,0.00,0.00,0.00
GUAD-LCAR,10.__2030,0.00,0.00,0.00
GUAD-LCAR,11.__2031,0.00,0.00,0.00
GUAD-LCAR,12.__2032,0.00,0.00,0.00
GUAD-LCAR,13.__2033,0.00,0.00,0.00
GUAD-LCAR,14.__2034,0.00,0.00,0.00
GUAD-LCAR,15.__2035,0.00,0.00,0.00
GUAD-LCAR,16.__2036,0.00,0.00,0.00
GUAD-LCAR,17.__2037,0.00,0.00,0.00
GUAD-LCAR,18.__2038,0.00,0.00,0.00
GUAD-LCAR,19.__2039,0.00,0.00,0.00
GUAD-LCAR,20.__2040,0.00,0.00,0.00
GUAD-LCAR,21.__2041,0.00,0.00,0.00
GUA-MANZ,01.__2021,"3,000.00",0.00,0.01
GUA-MANZ,02.__2022,0.00,0.00,0.00
GUA-MANZ,03.__2023,0.00,0.00,0.00
GUA-MANZ,04.__2024,0.00,0.00,0.00
GUA-MANZ,05.__2025,0.00,0.00,0.00
GUA-MANZ,06.__2026,0.00,0.00,0.00
GUA-MANZ,07.__2027,0.00,0.00,0.00
GUA-MANZ,08.__2028,0.00,0.00,0.00
GUA-MANZ,09.__2029,0.00,0.00,0.00
GUA-MANZ,10.__2030,0.00,0.00,0.00
GUA-MANZ,11.__2031,0.00,0.00,0.00
GUA-MANZ,12.__2032,0.00,0.00,0.00
GUA-MANZ,13.__2033,0.00,0.00,0.00
GUA-MANZ,14.__2034,0.00,0.00,0.00
GUA-MANZ,15.__2035,0.00,0.00,0.00
GUA-MANZ,16.__2036,0.00,0.00,0.00
GUA-MANZ,17.__2037,0.00,0.00,0.00
GUA-MANZ,18.__2038,0.00,0.00,0.00
GUA-MANZ,19.__2039,0.00,0.00,0.00
GUA-MANZ,20.__2040,0.00,0.00,0.00
GUA-MANZ,21.__2041,0.00,0.00,0.00
GUA-SALM,01.__2021,700.00,0.00,0.05
GUA-SALM,02.__2022,0.00,0.00,0.00
GUA-SALM,03.__2023,0.00,0.00,0.00
GUA-SALM,04.__2024,0.00,0.00,0.00
GUA-SALM,05.__2025,0.00,0.00,0.00
GUA-SALM,06.__2026,0.00,0.00,0.00
GUA-SALM,07.__2027,0.00,0.00,0.00
GUA-SALM,08.__2028,0.00,0.00,0.00
GUA-SALM,09.__2029,0.00,0.00,0.00
GUA-SALM,10.__2030,0.00,0.00,0.00
GUA-SALM,11.__2031,0.00,0.00,0.00
GUA-SALM,12.__2032,0.00,0.00,0.00
GUA-SALM,13.__2033,0.00,0.00,0.00
GUA-SALM,14.__2034,0.00,0.00,0.00
GUA-SALM,15.__2035,0.00,0.00,0.00
GUA-SALM,16.__2036,0.00,0.00,0.00
GUA-SALM,17.__2037,0.00,0.00,0.00
GUA-SALM,18.__2038,0.00,0.00,0.00
GUA-SALM,19.__2039,0.00,0.00,0.00
GUA-SALM,20.__2040,0.00,0.00,0.00
GUA-SALM,21.__2041,0.00,0.00,0.00
GUAY-HERM,01.__2021,"1,140.00",0.00,0.01
GUAY-HERM,02.__2022,0.00,0.00,0.00
GUAY-HERM,03.__2023,0.00,0.00,0.00
GUAY-HERM,04.__2024,60.00,1.13,106.40
GUAY-HERM,05.__2025,0.00,0.00,0.00
GUAY-HERM,06.__2026,0.00,0.00,0.00
GUAY-HERM,07.__2027,0.00,0.00,0.00
GUAY-HERM,08.__2028,0.00,0.00,0.00
GUAY-HERM,09.__2029,0.00,0.00,0.00
GUAY-HERM,10.__2030,0.00,0.00,0.00
GUAY-HERM,11.__2031,0.00,0.00,0.00
GUAY-HERM,12.__2032,0.00,0.00,0.00
GUAY-HERM,13.__2033,0.00,0.00,0.00
GUAY-HERM,14.__2034,0.00,0.00,0.00
GUAY-HERM,15.__2035,0.00,0.00,0.00
GUAY-HERM,16.__2036,0.00,0.00,0.00
GUAY-HERM,17.__2037,0.00,0.00,0.00
GUAY-HERM,18.__2038,0.00,0.00,0.00
GUAY-HERM,19.__2039,0.00,0.00,0.00
GUAY-HERM,20.__2040,0.00,0.00,0.00
GUAY-HERM,21.__2041,0.00,0.00,0.00
GUEZ-HUA,01.__2021,"1,700.00",0.00,0.02
GUEZ-HUA,02.__2022,0.00,0.00,0.00
GUEZ-HUA,03.__2023,0.00,0.00,0.00
GUEZ-HUA,04.__2024,400.00,0.00,0.04
GUEZ-HUA,05.__2025,0.00,0.00,0.00
GUEZ-HUA,06.__2026,0.00,0.00,0.00
GUEZ-HUA,07.__2027,0.00,0.00,0.00
GUEZ-HUA,08.__2028,0.00,0.00,0.00
GUEZ-HUA,09.__2029,0.00,0.00,0.00
GUEZ-HUA,10.__2030,0.00,0.00,0.00
GUEZ-HUA,11.__2031,0.00,0.00,0.00
GUEZ-HUA,12.__2032,0.00,0.00,0.00
GUEZ-HUA,13.__2033,0.00,0.00,0.00
GUEZ-HUA,14.__2034,0.00,0.00,0.00
GUEZ-HUA,15.__2035,0.00,0.00,0.00
GUEZ-HUA,16.__2036,0.00,0.00,0.00
GUEZ-HUA,17.__2037,0.00,0.00,0.00
GUEZ-HUA,18.__2038,0.00,0.00,0.00
GUEZ-HUA,19.__2039,0.00,0.00,0.00
GUEZ-HUA,20.__2040,0.00,0.00,0.00
GUEZ-HUA,21.__2041,0.00,0.00,0.00
HERM-6ABR,01.__2021,283.00,0.01,0.06
HERM-6ABR,02.__2022,0.00,0.00,0.00
HERM-6ABR,03.__2023,0.00,0.00,0.00
HERM-6ABR,04.__2024,0.00,0.00,0.00
HERM-6ABR,05.__2025,0.00,0.00,0.00
HERM-6ABR,06.__2026,0.00,0.00,0.00
HERM-6ABR,07.__2027,0.00,0.00,0.00
HERM-6ABR,08.__2028,0.00,0.00,0.00
HERM-6ABR,09.__2029,0.00,0.00,0.00
HERM-6ABR,10.__2030,0.00,0.00,0.00
HERM-6ABR,11.__2031,0.00,0.00,0.00
HERM-6ABR,12.__2032,0.00,0.00,0.00
HERM-6ABR,13.__2033,0.00,0.00,0.00
HERM-6ABR,14.__2034,0.00,0.00,0.00
HERM-6ABR,15.__2035,0.00,0.00,0.00
HERM-6ABR,16.__2036,0.00,0.00,0.00
HERM-6ABR,17.__2037,0.00,0.00,0.00
HERM-6ABR,18.__2038,0.00,0.00,0.00
HERM-6ABR,19.__2039,0.00,0.00,0.00
HERM-6ABR,20.__2040,0.00,0.00,0.00
HERM-6ABR,21.__2041,0.00,0.00,0.00
HERM-CANA,01.__2021,265.00,0.01,0.09
HERM-CANA,02.__2022,0.00,0.00,0.00
HERM-CANA,03.__2023,0.00,0.00,0.00
HERM-CANA,04.__2024,0.00,0.00,0.00
HERM-CANA,05.__2025,0.00,0.00,0.00
HERM-CANA,06.__2026,0.00,0.00,0.00
HERM-CANA,07.__2027,0.00,0.00,0.00
HERM-CANA,08.__2028,0.00,0.00,0.00
HERM-CANA,09.__2029,0.00,0.00,0.00
HERM-CANA,10.__2030,0.00,0.00,0.00
HERM-CANA,11.__2031,0.00,0.00,0.00
HERM-CANA,12.__2032,0.00,0.00,0.00
HERM-CANA,13.__2033,0.00,0.00,0.00
HERM-CANA,14.__2034,0.00,0.00,0.00
HERM-CANA,15.__2035,0.00,0.00,0.00
HERM-CANA,16.__2036,0.00,0.00,0.00
HERM-CANA,17.__2037,0.00,0.00,0.00
HERM-CANA,18.__2038,0.00,0.00,0.00
HERM-CANA,19.__2039,0.00,0.00,0.00
HERM-CANA,20.__2040,0.00,0.00,0.00
HERM-CANA,21.__2041,0.00,0.00,0.00
HERM-NACO,01.__2021,600.00,0.01,0.05
HERM-NACO,02.__2022,0.00,0.00,0.00
HERM-NACO,03.__2023,0.00,0.00,0.00
HERM-NACO,04.__2024,0.00,0.00,0.00
HERM-NACO,05.__2025,0.00,0.00,0.00
HERM-NACO,06.__2026,0.00,0.00,0.00
HERM-NACO,07.__2027,0.00,0.00,0.00
HERM-NACO,08.__2028,0.00,0.00,0.00
HERM-NACO,09.__2029,0.00,0.00,0.00
HERM-NACO,10.__2030,0.00,0.00,0.00
HERM-NACO,11.__2031,0.00,0.00,0.00
HERM-NACO,12.__2032,0.00,0.00,0.00
HERM-NACO,13.__2033,0.00,0.00,0.00
HERM-NACO,14.__2034,0.00,0.00,0.00
HERM-NACO,15.__2035,0.00,0.00,0.00
HERM-NACO,16.__2036,0.00,0.00,0.00
HERM-NACO,17.__2037,0.00,0.00,0.00
HERM-NACO,18.__2038,0.00,0.00,0.00
HERM-NACO,19.__2039,0.00,0.00,0.00
HERM-NACO,20.__2040,0.00,0.00,0.00
HERM-NACO,21.__2041,0.00,0.00,0.00
HUA-POZ,01.__2021,"1,650.00",0.00,0.02
HUA-POZ,02.__2022,0.00,0.00,0.00
HUA-POZ,03.__2023,0.00,0.00,0.00
HUA-POZ,04.__2024,0.00,0.00,0.00
HUA-POZ,05.__2025,0.00,0.00,0.00
HUA-POZ,06.__2026,0.00,0.00,0.00
HUA-POZ,07.__2027,0.00,0.00,0.00
HUA-POZ,08.__2028,0.00,0.00,0.00
HUA-POZ,09.__2029,0.00,0.00,0.00
HUA-POZ,10.__2030,0.00,0.00,0.00
HUA-POZ,11.__2031,0.00,0.00,0.00
HUA-POZ,12.__2032,0.00,0.00,0.00
HUA-POZ,13.__2033,0.00,0.00,0.00
HUA-POZ,14.__2034,0.00,0.00,0.00
HUA-POZ,15.__2035,0.00,0.00,0.00
HUA-POZ,16.__2036,0.00,0.00,0.00
HUA-POZ,17.__2037,0.00,0.00,0.00
HUA-POZ,18.__2038,0.00,0.00,0.00
HUA-POZ,19.__2039,0.00,0.00,0.00
HUA-POZ,20.__2040,0.00,0.00,0.00
HUA-POZ,21.__2041,0.00,0.00,0.00
IXTE-JUIL,01.__2021,"1,875.00",0.00,0.01
IXTE-JUIL,02.__2022,0.00,0.00,0.00
IXTE-JUIL,03.__2023,0.00,0.00,0.00
IXTE-JUIL,04.__2024,300.00,0.87,140.42
IXTE-JUIL,05.__2025,0.00,0.00,0.00
IXTE-JUIL,06.__2026,0.00,0.00,0.00
IXTE-JUIL,07.__2027,0.00,0.00,0.00
IXTE-JUIL,08.__2028,805.00,0.00,0.03
IXTE-JUIL,09.__2029,0.00,0.00,0.00
IXTE-JUIL,10.__2030,0.00,0.00,0.00
IXTE-JUIL,11.__2031,0.00,0.00,0.00
IXTE-JUIL,12.__2032,0.00,0.00,0.00
IXTE-JUIL,13.__2033,0.00,0.00,0.00
IXTE-JUIL,14.__2034,0.00,0.00,0.00
IXTE-JUIL,15.__2035,0.00,0.00,0.00
IXTE-JUIL,16.__2036,0.00,0.00,0.00
IXTE-JUIL,17.__2037,0.00,0.00,0.00
IXTE-JUIL,18.__2038,0.00,0.00,0.00
IXTE-JUIL,19.__2039,0.00,0.00,0.00
IXTE-JUIL,20.__2040,0.00,0.00,0.00
IXTE-JUIL,21.__2041,0.00,0.00,0.00
JILO-CENT,01.__2021,0.00,0.00,0.00
JILO-CENT,02.__2022,0.00,0.00,0.00
JILO-CENT,03.__2023,0.00,0.00,0.00
JILO-CENT,04.__2024,0.00,0.00,0.00
JILO-CENT,05.__2025,0.00,0.00,0.00
JILO-CENT,06.__2026,"1,250.00",0.00,0.01
JILO-CENT,07.__2027,0.00,0.00,0.00
JILO-CENT,08.__2028,0.00,0.00,0.00
JILO-CENT,09.__2029,0.00,0.00,0.00
JILO-CENT,10.__2030,0.00,0.00,0.00
JILO-CENT,11.__2031,0.00,0.00,0.00
JILO-CENT,12.__2032,0.00,0.00,0.00
JILO-CENT,13.__2033,0.00,0.00,0.00
JILO-CENT,14.__2034,0.00,0.00,0.00
JILO-CENT,15.__2035,0.00,0.00,0.00
JILO-CENT,16.__2036,0.00,0.00,0.00
JILO-CENT,17.__2037,0.00,0.00,0.00
JILO-CENT,18.__2038,0.00,0.00,0.00
JILO-CENT,19.__2039,0.00,0.00,0.00
JILO-CENT,20.__2040,0.00,0.00,0.00
JILO-CENT,21.__2041,0.00,0.00,0.00
JILO-DOGU,01.__2021,50.00,0.06,0.22
JILO-DOGU,02.__2022,0.00,0.00,0.00
JILO-DOGU,03.__2023,0.00,0.00,0.00
JILO-DOGU,04.__2024,0.00,0.00,0.00
JILO-DOGU,05.__2025,0.00,0.00,0.00
JILO-DOGU,06.__2026,0.00,0.00,0.00
JILO-DOGU,07.__2027,0.00,0.00,0.00
JILO-DOGU,08.__2028,0.00,0.00,0.00
JILO-DOGU,09.__2029,0.00,0.00,0.00
JILO-DOGU,10.__2030,0.00,0.00,0.00
JILO-DOGU,11.__2031,0.00,0.00,0.00
JILO-DOGU,12.__2032,0.00,0.00,0.00
JILO-DOGU,13.__2033,0.00,0.00,0.00
JILO-DOGU,14.__2034,0.00,0.00,0.00
JILO-DOGU,15.__2035,0.00,0.00,0.00
JILO-DOGU,16.__2036,0.00,0.00,0.00
JILO-DOGU,17.__2037,0.00,0.00,0.00
JILO-DOGU,18.__2038,0.00,0.00,0.00
JILO-DOGU,19.__2039,0.00,0.00,0.00
JILO-DOGU,20.__2040,0.00,0.00,0.00
JILO-DOGU,21.__2041,0.00,0.00,0.00
JUCH-JUIL,01.__2021,177.00,0.02,0.14
JUCH-JUIL,02.__2022,0.00,0.00,0.00
JUCH-JUIL,03.__2023,0.00,0.00,0.00
JUCH-JUIL,04.__2024,0.00,0.00,0.00
JUCH-JUIL,05.__2025,0.00,0.00,0.00
JUCH-JUIL,06.__2026,0.00,0.00,0.00
JUCH-JUIL,07.__2027,0.00,0.00,0.00
JUCH-JUIL,08.__2028,0.00,0.00,0.00
JUCH-JUIL,09.__2029,0.00,0.00,0.00
JUCH-JUIL,10.__2030,0.00,0.00,0.00
JUCH-JUIL,11.__2031,0.00,0.00,0.00
JUCH-JUIL,12.__2032,0.00,0.00,0.00
JUCH-JUIL,13.__2033,0.00,0.00,0.00
JUCH-JUIL,14.__2034,0.00,0.00,0.00
JUCH-JUIL,15.__2035,0.00,0.00,0.00
JUCH-JUIL,16.__2036,0.00,0.00,0.00
JUCH-JUIL,17.__2037,0.00,0.00,0.00
JUCH-JUIL,18.__2038,0.00,0.00,0.00
JUCH-JUIL,19.__2039,0.00,0.00,0.00
JUCH-JUIL,20.__2040,0.00,0.00,0.00
JUCH-JUIL,21.__2041,0.00,0.00,0.00
JUCH-MROP,01.__2021,414.00,0.00,0.02
JUCH-MROP,02.__2022,0.00,0.00,0.00
JUCH-MROP,03.__2023,0.00,0.00,0.00
JUCH-MROP,04.__2024,0.00,0.00,0.00
JUCH-MROP,05.__2025,0.00,0.00,0.00
JUCH-MROP,06.__2026,0.00,0.00,0.00
JUCH-MROP,07.__2027,0.00,0.00,0.00
JUCH-MROP,08.__2028,0.00,0.00,0.00
JUCH-MROP,09.__2029,0.00,0.00,0.00
JUCH-MROP,10.__2030,0.00,0.00,0.00
JUCH-MROP,11.__2031,0.00,0.00,0.00
JUCH-MROP,12.__2032,0.00,0.00,0.00
JUCH-MROP,13.__2033,0.00,0.00,0.00
JUCH-MROP,14.__2034,0.00,0.00,0.00
JUCH-MROP,15.__2035,0.00,0.00,0.00
JUCH-MROP,16.__2036,0.00,0.00,0.00
JUCH-MROP,17.__2037,0.00,0.00,0.00
JUCH-MROP,18.__2038,0.00,0.00,0.00
JUCH-MROP,19.__2039,0.00,0.00,0.00
JUCH-MROP,20.__2040,0.00,0.00,0.00
JUCH-MROP,21.__2041,0.00,0.00,0.00
JUCH-OAXA,01.__2021,80.00,0.09,0.61
JUCH-OAXA,02.__2022,0.00,0.00,0.00
JUCH-OAXA,03.__2023,0.00,0.00,0.00
JUCH-OAXA,04.__2024,0.00,0.00,0.00
JUCH-OAXA,05.__2025,0.00,0.00,0.00
JUCH-OAXA,06.__2026,0.00,0.00,0.00
JUCH-OAXA,07.__2027,0.00,0.00,0.00
JUCH-OAXA,08.__2028,0.00,0.00,0.00
JUCH-OAXA,09.__2029,0.00,0.00,0.00
JUCH-OAXA,10.__2030,0.00,0.00,0.00
JUCH-OAXA,11.__2031,0.00,0.00,0.00
JUCH-OAXA,12.__2032,0.00,0.00,0.00
JUCH-OAXA,13.__2033,0.00,0.00,0.00
JUCH-OAXA,14.__2034,0.00,0.00,0.00
JUCH-OAXA,15.__2035,0.00,0.00,0.00
JUCH-OAXA,16.__2036,0.00,0.00,0.00
JUCH-OAXA,17.__2037,0.00,0.00,0.00
JUCH-OAXA,18.__2038,0.00,0.00,0.00
JUCH-OAXA,19.__2039,0.00,0.00,0.00
JUCH-OAXA,20.__2040,0.00,0.00,0.00
JUCH-OAXA,21.__2041,0.00,0.00,0.00
JUIL-GRIJ,01.__2021,"2,800.00",0.00,0.01
JUIL-GRIJ,02.__2022,0.00,0.00,0.00
JUIL-GRIJ,03.__2023,0.00,0.00,0.00
JUIL-GRIJ,04.__2024,0.00,0.00,0.00
JUIL-GRIJ,05.__2025,0.00,0.00,0.00
JUIL-GRIJ,06.__2026,0.00,0.00,0.00
JUIL-GRIJ,07.__2027,0.00,0.00,0.00
JUIL-GRIJ,08.__2028,0.00,0.00,0.00
JUIL-GRIJ,09.__2029,0.00,0.00,0.00
JUIL-GRIJ,10.__2030,0.00,0.00,0.00
JUIL-GRIJ,11.__2031,0.00,0.00,0.00
JUIL-GRIJ,12.__2032,0.00,0.00,0.00
JUIL-GRIJ,13.__2033,0.00,0.00,0.00
JUIL-GRIJ,14.__2034,0.00,0.00,0.00
JUIL-GRIJ,15.__2035,0.00,0.00,0.00
JUIL-GRIJ,16.__2036,0.00,0.00,0.00
JUIL-GRIJ,17.__2037,0.00,0.00,0.00
JUIL-GRIJ,18.__2038,0.00,0.00,0.00
JUIL-GRIJ,19.__2039,0.00,0.00,0.00
JUIL-GRIJ,20.__2040,0.00,0.00,0.00
JUIL-GRIJ,21.__2041,0.00,0.00,0.00
JUIL-TEMA,01.__2021,"2,500.00",0.01,0.03
JUIL-TEMA,02.__2022,0.00,0.00,0.00
JUIL-TEMA,03.__2023,0.00,0.00,0.00
JUIL-TEMA,04.__2024,0.00,0.00,0.00
JUIL-TEMA,05.__2025,0.00,0.00,0.00
JUIL-TEMA,06.__2026,0.00,0.00,0.00
JUIL-TEMA,07.__2027,0.00,0.00,0.00
JUIL-TEMA,08.__2028,0.00,0.00,0.00
JUIL-TEMA,09.__2029,0.00,0.00,0.00
JUIL-TEMA,10.__2030,0.00,0.00,0.00
JUIL-TEMA,11.__2031,0.00,0.00,0.00
JUIL-TEMA,12.__2032,0.00,0.00,0.00
JUIL-TEMA,13.__2033,0.00,0.00,0.00
JUIL-TEMA,14.__2034,0.00,0.00,0.00
JUIL-TEMA,15.__2035,0.00,0.00,0.00
JUIL-TEMA,16.__2036,0.00,0.00,0.00
JUIL-TEMA,17.__2037,0.00,0.00,0.00
JUIL-TEMA,18.__2038,0.00,0.00,0.00
JUIL-TEMA,19.__2039,0.00,0.00,0.00
JUIL-TEMA,20.__2040,0.00,0.00,0.00
JUIL-TEMA,21.__2041,0.00,0.00,0.00
LAG-DUR,01.__2021,579.00,0.00,0.04
LAG-DUR,02.__2022,0.00,0.00,0.00
LAG-DUR,03.__2023,0.00,0.00,0.00
LAG-DUR,04.__2024,0.00,0.00,0.00
LAG-DUR,05.__2025,0.00,0.00,0.00
LAG-DUR,06.__2026,0.00,0.00,0.00
LAG-DUR,07.__2027,0.00,0.00,0.00
LAG-DUR,08.__2028,0.00,0.00,0.00
LAG-DUR,09.__2029,0.00,0.00,0.00
LAG-DUR,10.__2030,0.00,0.00,0.00
LAG-DUR,11.__2031,0.00,0.00,0.00
LAG-DUR,12.__2032,0.00,0.00,0.00
LAG-DUR,13.__2033,0.00,0.00,0.00
LAG-DUR,14.__2034,0.00,0.00,0.00
LAG-DUR,15.__2035,0.00,0.00,0.00
LAG-DUR,16.__2036,0.00,0.00,0.00
LAG-DUR,17.__2037,0.00,0.00,0.00
LAG-DUR,18.__2038,0.00,0.00,0.00
LAG-DUR,19.__2039,0.00,0.00,0.00
LAG-DUR,20.__2040,0.00,0.00,0.00
LAG-DUR,21.__2041,0.00,0.00,0.00
LAG-SALT,01.__2021,500.00,0.00,0.04
LAG-SALT,02.__2022,0.00,0.00,0.00
LAG-SALT,03.__2023,0.00,0.00,0.00
LAG-SALT,04.__2024,0.00,0.00,0.00
LAG-SALT,05.__2025,0.00,0.00,0.00
LAG-SALT,06.__2026,0.00,0.00,0.00
LAG-SALT,07.__2027,0.00,0.00,0.00
LAG-SALT,08.__2028,0.00,0.00,0.00
LAG-SALT,09.__2029,0.00,0.00,0.00
LAG-SALT,10.__2030,0.00,0.00,0.00
LAG-SALT,11.__2031,0.00,0.00,0.00
LAG-SALT,12.__2032,0.00,0.00,0.00
LAG-SALT,13.__2033,0.00,0.00,0.00
LAG-SALT,14.__2034,0.00,0.00,0.00
LAG-SALT,15.__2035,0.00,0.00,0.00
LAG-SALT,16.__2036,0.00,0.00,0.00
LAG-SALT,17.__2037,0.00,0.00,0.00
LAG-SALT,18.__2038,0.00,0.00,0.00
LAG-SALT,19.__2039,0.00,0.00,0.00
LAG-SALT,20.__2040,0.00,0.00,0.00
LAG-SALT,21.__2041,0.00,0.00,0.00
LAGU-1ROM,01.__2021,0.00,0.00,0.00
LAGU-1ROM,02.__2022,0.00,0.00,0.00
LAGU-1ROM,03.__2023,0.00,0.00,0.00
LAGU-1ROM,04.__2024,0.00,0.00,0.00
LAGU-1ROM,05.__2025,0.00,0.00,0.00
LAGU-1ROM,06.__2026,0.00,0.00,0.00
LAGU-1ROM,07.__2027,0.00,0.00,0.00
LAGU-1ROM,08.__2028,0.00,0.00,0.00
LAGU-1ROM,09.__2029,0.00,0.00,0.00
LAGU-1ROM,10.__2030,0.00,0.00,0.00
LAGU-1ROM,11.__2031,0.00,0.00,0.00
LAGU-1ROM,12.__2032,0.00,0.00,0.00
LAGU-1ROM,13.__2033,0.00,0.00,0.00
LAGU-1ROM,14.__2034,0.00,0.00,0.00
LAGU-1ROM,15.__2035,0.00,0.00,0.00
LAGU-1ROM,16.__2036,0.00,0.00,0.00
LAGU-1ROM,17.__2037,0.00,0.00,0.00
LAGU-1ROM,18.__2038,0.00,0.00,0.00
LAGU-1ROM,19.__2039,0.00,0.00,0.00
LAGU-1ROM,20.__2040,0.00,0.00,0.00
LAGU-1ROM,21.__2041,0.00,0.00,0.00
LAGU-CAMA,01.__2021,280.00,0.02,0.13
LAGU-CAMA,02.__2022,0.00,0.00,0.00
LAGU-CAMA,03.__2023,0.00,0.00,0.00
LAGU-CAMA,04.__2024,0.00,0.00,0.00
LAGU-CAMA,05.__2025,0.00,0.00,0.00
LAGU-CAMA,06.__2026,0.00,0.00,0.00
LAGU-CAMA,07.__2027,0.00,0.00,0.00
LAGU-CAMA,08.__2028,0.00,0.00,0.00
LAGU-CAMA,09.__2029,0.00,0.00,0.00
LAGU-CAMA,10.__2030,0.00,0.00,0.00
LAGU-CAMA,11.__2031,0.00,0.00,0.00
LAGU-CAMA,12.__2032,0.00,0.00,0.00
LAGU-CAMA,13.__2033,0.00,0.00,0.00
LAGU-CAMA,14.__2034,0.00,0.00,0.00
LAGU-CAMA,15.__2035,0.00,0.00,0.00
LAGU-CAMA,16.__2036,0.00,0.00,0.00
LAGU-CAMA,17.__2037,0.00,0.00,0.00
LAGU-CAMA,18.__2038,0.00,0.00,0.00
LAGU-CAMA,19.__2039,0.00,0.00,0.00
LAGU-CAMA,20.__2040,0.00,0.00,0.00
LAGU-CAMA,21.__2041,0.00,0.00,0.00
LCAR-ACAP,01.__2021,350.00,0.00,0.03
LCAR-ACAP,02.__2022,0.00,0.00,0.00
LCAR-ACAP,03.__2023,0.00,0.00,0.00
LCAR-ACAP,04.__2024,0.00,0.00,0.00
LCAR-ACAP,05.__2025,0.00,0.00,0.00
LCAR-ACAP,06.__2026,0.00,0.00,0.00
LCAR-ACAP,07.__2027,0.00,0.00,0.00
LCAR-ACAP,08.__2028,0.00,0.00,0.00
LCAR-ACAP,09.__2029,0.00,0.00,0.00
LCAR-ACAP,10.__2030,0.00,0.00,0.00
LCAR-ACAP,11.__2031,0.00,0.00,0.00
LCAR-ACAP,12.__2032,0.00,0.00,0.00
LCAR-ACAP,13.__2033,0.00,0.00,0.00
LCAR-ACAP,14.__2034,0.00,0.00,0.00
LCAR-ACAP,15.__2035,0.00,0.00,0.00
LCAR-ACAP,16.__2036,0.00,0.00,0.00
LCAR-ACAP,17.__2037,0.00,0.00,0.00
LCAR-ACAP,18.__2038,0.00,0.00,0.00
LCAR-ACAP,19.__2039,0.00,0.00,0.00
LCAR-ACAP,20.__2040,0.00,0.00,0.00
LCAR-ACAP,21.__2041,0.00,0.00,0.00
LEON-SALA,01.__2021,900.00,0.00,0.00
LEON-SALA,02.__2022,0.00,0.00,0.00
LEON-SALA,03.__2023,0.00,0.00,0.00
LEON-SALA,04.__2024,265.00,0.45,38.89
LEON-SALA,05.__2025,0.00,0.00,0.00
LEON-SALA,06.__2026,0.00,0.00,0.00
LEON-SALA,07.__2027,0.00,0.00,0.00
LEON-SALA,08.__2028,0.00,0.00,0.00
LEON-SALA,09.__2029,0.00,0.00,0.00
LEON-SALA,10.__2030,0.00,0.00,0.00
LEON-SALA,11.__2031,0.00,0.00,0.00
LEON-SALA,12.__2032,0.00,0.00,0.00
LEON-SALA,13.__2033,0.00,0.00,0.00
LEON-SALA,14.__2034,0.00,0.00,0.00
LEON-SALA,15.__2035,0.00,0.00,0.00
LEON-SALA,16.__2036,0.00,0.00,0.00
LEON-SALA,17.__2037,0.00,0.00,0.00
LEON-SALA,18.__2038,0.00,0.00,0.00
LEON-SALA,19.__2039,0.00,0.00,0.00
LEON-SALA,20.__2040,0.00,0.00,0.00
LEON-SALA,21.__2041,0.00,0.00,0.00
LERM-MERI,01.__2021,75.00,0.02,0.08
LERM-MERI,02.__2022,0.00,0.00,0.00
LERM-MERI,03.__2023,0.00,0.00,0.00
LERM-MERI,04.__2024,35.00,15.53,761.25
LERM-MERI,05.__2025,0.00,0.00,0.00
LERM-MERI,06.__2026,50.00,4.20,15.49
LERM-MERI,07.__2027,0.00,0.00,0.00
LERM-MERI,08.__2028,0.00,0.00,0.00
LERM-MERI,09.__2029,0.00,0.00,0.00
LERM-MERI,10.__2030,0.00,0.00,0.00
LERM-MERI,11.__2031,0.00,0.00,0.00
LERM-MERI,12.__2032,0.00,0.00,0.00
LERM-MERI,13.__2033,0.00,0.00,0.00
LERM-MERI,14.__2034,0.00,0.00,0.00
LERM-MERI,15.__2035,0.00,0.00,0.00
LERM-MERI,16.__2036,0.00,0.00,0.00
LERM-MERI,17.__2037,0.00,0.00,0.00
LERM-MERI,18.__2038,0.00,0.00,0.00
LERM-MERI,19.__2039,0.00,0.00,0.00
LERM-MERI,20.__2040,0.00,0.00,0.00
LERM-MERI,21.__2041,0.00,0.00,0.00
MAZ-DUR,01.__2021,623.00,0.00,0.04
MAZ-DUR,02.__2022,0.00,0.00,0.00
MAZ-DUR,03.__2023,0.00,0.00,0.00
MAZ-DUR,04.__2024,0.00,0.00,0.00
MAZ-DUR,05.__2025,0.00,0.00,0.00
MAZ-DUR,06.__2026,0.00,0.00,0.00
MAZ-DUR,07.__2027,0.00,0.00,0.00
MAZ-DUR,08.__2028,0.00,0.00,0.00
MAZ-DUR,09.__2029,0.00,0.00,0.00
MAZ-DUR,10.__2030,0.00,0.00,0.00
MAZ-DUR,11.__2031,0.00,0.00,0.00
MAZ-DUR,12.__2032,0.00,0.00,0.00
MAZ-DUR,13.__2033,0.00,0.00,0.00
MAZ-DUR,14.__2034,0.00,0.00,0.00
MAZ-DUR,15.__2035,0.00,0.00,0.00
MAZ-DUR,16.__2036,0.00,0.00,0.00
MAZ-DUR,17.__2037,0.00,0.00,0.00
MAZ-DUR,18.__2038,0.00,0.00,0.00
MAZ-DUR,19.__2039,0.00,0.00,0.00
MAZ-DUR,20.__2040,0.00,0.00,0.00
MAZ-DUR,21.__2041,0.00,0.00,0.00
MAZ-TEP,01.__2021,"1,177.00",0.00,0.03
MAZ-TEP,02.__2022,73.00,2.35,310.41
MAZ-TEP,03.__2023,0.00,0.00,0.00
MAZ-TEP,04.__2024,162.00,2.35,310.41
MAZ-TEP,05.__2025,0.00,0.00,0.00
MAZ-TEP,06.__2026,603.00,0.00,0.06
MAZ-TEP,07.__2027,0.00,0.00,0.00
MAZ-TEP,08.__2028,0.00,0.00,0.00
MAZ-TEP,09.__2029,0.00,0.00,0.00
MAZ-TEP,10.__2030,0.00,0.00,0.00
MAZ-TEP,11.__2031,0.00,0.00,0.00
MAZ-TEP,12.__2032,0.00,0.00,0.00
MAZ-TEP,13.__2033,0.00,0.00,0.00
MAZ-TEP,14.__2034,0.00,0.00,0.00
MAZ-TEP,15.__2035,0.00,0.00,0.00
MAZ-TEP,16.__2036,0.00,0.00,0.00
MAZ-TEP,17.__2037,0.00,0.00,0.00
MAZ-TEP,18.__2038,0.00,0.00,0.00
MAZ-TEP,19.__2039,0.00,0.00,0.00
MAZ-TEP,20.__2040,0.00,0.00,0.00
MAZ-TEP,21.__2041,0.00,0.00,0.00
MERI-CHET,01.__2021,135.00,0.03,0.17
MERI-CHET,02.__2022,0.00,0.00,0.00
MERI-CHET,03.__2023,0.00,0.00,0.00
MERI-CHET,04.__2024,0.00,0.00,0.00
MERI-CHET,05.__2025,0.00,0.00,0.00
MERI-CHET,06.__2026,0.10,3.02,8.90
MERI-CHET,07.__2027,0.00,0.00,0.00
MERI-CHET,08.__2028,0.00,0.00,0.00
MERI-CHET,09.__2029,0.00,0.00,0.00
MERI-CHET,10.__2030,0.00,0.00,0.00
MERI-CHET,11.__2031,0.00,0.00,0.00
MERI-CHET,12.__2032,0.00,0.00,0.00
MERI-CHET,13.__2033,0.00,0.00,0.00
MERI-CHET,14.__2034,0.00,0.00,0.00
MERI-CHET,15.__2035,0.00,0.00,0.00
MERI-CHET,16.__2036,0.00,0.00,0.00
MERI-CHET,17.__2037,0.00,0.00,0.00
MERI-CHET,18.__2038,0.00,0.00,0.00
MERI-CHET,19.__2039,0.00,0.00,0.00
MERI-CHET,20.__2040,0.00,0.00,0.00
MERI-CHET,21.__2041,0.00,0.00,0.00
MERI-DZT,01.__2021,450.00,0.00,0.02
MERI-DZT,02.__2022,0.00,0.00,0.00
MERI-DZT,03.__2023,0.00,0.00,0.00
MERI-DZT,04.__2024,50.00,1.38,173.90
MERI-DZT,05.__2025,0.00,0.00,0.00
MERI-DZT,06.__2026,0.00,0.00,0.00
MERI-DZT,07.__2027,0.00,0.00,0.00
MERI-DZT,08.__2028,0.00,0.00,0.00
MERI-DZT,09.__2029,0.00,0.00,0.00
MERI-DZT,10.__2030,0.00,0.00,0.00
MERI-DZT,11.__2031,0.00,0.00,0.00
MERI-DZT,12.__2032,0.00,0.00,0.00
MERI-DZT,13.__2033,0.00,0.00,0.00
MERI-DZT,14.__2034,0.00,0.00,0.00
MERI-DZT,15.__2035,0.00,0.00,0.00
MERI-DZT,16.__2036,0.00,0.00,0.00
MERI-DZT,17.__2037,0.00,0.00,0.00
MERI-DZT,18.__2038,0.00,0.00,0.00
MERI-DZT,19.__2039,0.00,0.00,0.00
MERI-DZT,20.__2040,0.00,0.00,0.00
MERI-DZT,21.__2041,0.00,0.00,0.00
MERI-VALLA,01.__2021,280.00,0.01,0.05
MERI-VALLA,02.__2022,0.00,0.00,0.00
MERI-VALLA,03.__2023,0.00,0.00,0.00
MERI-VALLA,04.__2024,0.00,0.00,0.00
MERI-VALLA,05.__2025,0.00,0.00,0.00
MERI-VALLA,06.__2026,0.00,0.00,0.00
MERI-VALLA,07.__2027,0.00,0.00,0.00
MERI-VALLA,08.__2028,0.00,0.00,0.00
MERI-VALLA,09.__2029,0.00,0.00,0.00
MERI-VALLA,10.__2030,0.00,0.00,0.00
MERI-VALLA,11.__2031,0.00,0.00,0.00
MERI-VALLA,12.__2032,0.00,0.00,0.00
MERI-VALLA,13.__2033,0.00,0.00,0.00
MERI-VALLA,14.__2034,0.00,0.00,0.00
MERI-VALLA,15.__2035,0.00,0.00,0.00
MERI-VALLA,16.__2036,0.00,0.00,0.00
MERI-VALLA,17.__2037,0.00,0.00,0.00
MERI-VALLA,18.__2038,0.00,0.00,0.00
MERI-VALLA,19.__2039,0.00,0.00,0.00
MERI-VALLA,20.__2040,0.00,0.00,0.00
MERI-VALLA,21.__2041,0.00,0.00,0.00
MOCT-CHIH,01.__2021,940.00,0.00,0.03
MOCT-CHIH,02.__2022,0.00,0.00,0.00
MOCT-CHIH,03.__2023,0.00,0.00,0.00
MOCT-CHIH,04.__2024,0.00,0.00,0.00
MOCT-CHIH,05.__2025,0.00,0.00,0.00
MOCT-CHIH,06.__2026,0.00,0.00,0.00
MOCT-CHIH,07.__2027,0.00,0.00,0.00
MOCT-CHIH,08.__2028,0.00,0.00,0.00
MOCT-CHIH,09.__2029,0.00,0.00,0.00
MOCT-CHIH,10.__2030,0.00,0.00,0.00
MOCT-CHIH,11.__2031,0.00,0.00,0.00
MOCT-CHIH,12.__2032,0.00,0.00,0.00
MOCT-CHIH,13.__2033,0.00,0.00,0.00
MOCT-CHIH,14.__2034,0.00,0.00,0.00
MOCT-CHIH,15.__2035,0.00,0.00,0.00
MOCT-CHIH,16.__2036,0.00,0.00,0.00
MOCT-CHIH,17.__2037,0.00,0.00,0.00
MOCT-CHIH,18.__2038,0.00,0.00,0.00
MOCT-CHIH,19.__2039,0.00,0.00,0.00
MOCT-CHIH,20.__2040,0.00,0.00,0.00
MOCT-CHIH,21.__2041,0.00,0.00,0.00
MOCT-JUA,01.__2021,950.00,0.00,0.03
MOCT-JUA,02.__2022,0.00,0.00,0.00
MOCT-JUA,03.__2023,0.00,0.00,0.00
MOCT-JUA,04.__2024,0.00,0.00,0.00
MOCT-JUA,05.__2025,0.00,0.00,0.00
MOCT-JUA,06.__2026,0.00,0.00,0.00
MOCT-JUA,07.__2027,0.00,0.00,0.00
MOCT-JUA,08.__2028,0.00,0.00,0.00
MOCT-JUA,09.__2029,0.00,0.00,0.00
MOCT-JUA,10.__2030,0.00,0.00,0.00
MOCT-JUA,11.__2031,0.00,0.00,0.00
MOCT-JUA,12.__2032,0.00,0.00,0.00
MOCT-JUA,13.__2033,0.00,0.00,0.00
MOCT-JUA,14.__2034,0.00,0.00,0.00
MOCT-JUA,15.__2035,0.00,0.00,0.00
MOCT-JUA,16.__2036,0.00,0.00,0.00
MOCT-JUA,17.__2037,0.00,0.00,0.00
MOCT-JUA,18.__2038,0.00,0.00,0.00
MOCT-JUA,19.__2039,0.00,0.00,0.00
MOCT-JUA,20.__2040,0.00,0.00,0.00
MOCT-JUA,21.__2041,0.00,0.00,0.00
MOCT-NVOC,01.__2021,480.00,0.00,0.03
MOCT-NVOC,02.__2022,0.00,0.00,0.00
MOCT-NVOC,03.__2023,0.00,0.00,0.00
MOCT-NVOC,04.__2024,120.00,4.31,309.11
MOCT-NVOC,05.__2025,0.00,0.00,0.00
MOCT-NVOC,06.__2026,0.00,0.00,0.00
MOCT-NVOC,07.__2027,0.00,0.00,0.00
MOCT-NVOC,08.__2028,0.00,0.00,0.00
MOCT-NVOC,09.__2029,0.00,0.00,0.00
MOCT-NVOC,10.__2030,0.00,0.00,0.00
MOCT-NVOC,11.__2031,0.00,0.00,0.00
MOCT-NVOC,12.__2032,0.00,0.00,0.00
MOCT-NVOC,13.__2033,0.00,0.00,0.00
MOCT-NVOC,14.__2034,0.00,0.00,0.00
MOCT-NVOC,15.__2035,0.00,0.00,0.00
MOCT-NVOC,16.__2036,0.00,0.00,0.00
MOCT-NVOC,17.__2037,0.00,0.00,0.00
MOCT-NVOC,18.__2038,0.00,0.00,0.00
MOCT-NVOC,19.__2039,0.00,0.00,0.00
MOCT-NVOC,20.__2040,0.00,0.00,0.00
MOCT-NVOC,21.__2041,0.00,0.00,0.00
MOCH-CUL,01.__2021,"1,675.00",0.00,0.01
MOCH-CUL,02.__2022,0.00,0.00,0.00
MOCH-CUL,03.__2023,113.00,0.05,0.58
MOCH-CUL,04.__2024,0.00,0.00,0.00
MOCH-CUL,05.__2025,0.00,0.00,0.00
MOCH-CUL,06.__2026,787.00,0.00,0.05
MOCH-CUL,07.__2027,0.00,0.00,0.00
MOCH-CUL,08.__2028,0.00,0.00,0.00
MOCH-CUL,09.__2029,0.00,0.00,0.00
MOCH-CUL,10.__2030,0.00,0.00,0.00
MOCH-CUL,11.__2031,0.00,0.00,0.00
MOCH-CUL,12.__2032,0.00,0.00,0.00
MOCH-CUL,13.__2033,0.00,0.00,0.00
MOCH-CUL,14.__2034,0.00,0.00,0.00
MOCH-CUL,15.__2035,0.00,0.00,0.00
MOCH-CUL,16.__2036,0.00,0.00,0.00
MOCH-CUL,17.__2037,0.00,0.00,0.00
MOCH-CUL,18.__2038,0.00,0.00,0.00
MOCH-CUL,19.__2039,0.00,0.00,0.00
MOCH-CUL,20.__2040,0.00,0.00,0.00
MOCH-CUL,21.__2041,0.00,0.00,0.00
MON-GUEZ,01.__2021,"1,500.00",0.00,0.02
MON-GUEZ,02.__2022,0.00,0.00,0.00
MON-GUEZ,03.__2023,0.00,0.00,0.00
MON-GUEZ,04.__2024,300.00,0.00,0.05
MON-GUEZ,05.__2025,0.00,0.00,0.00
MON-GUEZ,06.__2026,0.00,0.00,0.00
MON-GUEZ,07.__2027,0.00,0.00,0.00
MON-GUEZ,08.__2028,0.00,0.00,0.00
MON-GUEZ,09.__2029,0.00,0.00,0.00
MON-GUEZ,10.__2030,0.00,0.00,0.00
MON-GUEZ,11.__2031,0.00,0.00,0.00
MON-GUEZ,12.__2032,0.00,0.00,0.00
MON-GUEZ,13.__2033,0.00,0.00,0.00
MON-GUEZ,14.__2034,0.00,0.00,0.00
MON-GUEZ,15.__2035,0.00,0.00,0.00
MON-GUEZ,16.__2036,0.00,0.00,0.00
MON-GUEZ,17.__2037,0.00,0.00,0.00
MON-GUEZ,18.__2038,0.00,0.00,0.00
MON-GUEZ,19.__2039,0.00,0.00,0.00
MON-GUEZ,20.__2040,0.00,0.00,0.00
MON-GUEZ,21.__2041,0.00,0.00,0.00
MON-REY,01.__2021,"2,070.00",0.00,0.02
MON-REY,02.__2022,0.00,0.00,0.00
MON-REY,03.__2023,155.00,1.32,153.23
MON-REY,04.__2024,0.00,0.00,0.00
MON-REY,05.__2025,0.00,0.00,0.00
MON-REY,06.__2026,0.00,0.00,0.00
MON-REY,07.__2027,0.00,0.00,0.00
MON-REY,08.__2028,925.00,0.00,0.04
MON-REY,09.__2029,0.00,0.00,0.00
MON-REY,10.__2030,0.00,0.00,0.00
MON-REY,11.__2031,0.00,0.00,0.00
MON-REY,12.__2032,0.00,0.00,0.00
MON-REY,13.__2033,0.00,0.00,0.00
MON-REY,14.__2034,0.00,0.00,0.00
MON-REY,15.__2035,0.00,0.00,0.00
MON-REY,16.__2036,0.00,0.00,0.00
MON-REY,17.__2037,0.00,0.00,0.00
MON-REY,18.__2038,0.00,0.00,0.00
MON-REY,19.__2039,0.00,0.00,0.00
MON-REY,20.__2040,0.00,0.00,0.00
MON-REY,21.__2041,0.00,0.00,0.00
MON-RIO,01.__2021,"2,100.00",0.00,0.01
MON-RIO,02.__2022,0.00,0.00,0.00
MON-RIO,03.__2023,0.00,0.00,0.00
MON-RIO,04.__2024,0.00,0.00,0.00
MON-RIO,05.__2025,0.00,0.00,0.00
MON-RIO,06.__2026,0.00,0.00,0.00
MON-RIO,07.__2027,0.00,0.00,0.00
MON-RIO,08.__2028,0.00,0.00,0.00
MON-RIO,09.__2029,0.00,0.00,0.00
MON-RIO,10.__2030,0.00,0.00,0.00
MON-RIO,11.__2031,0.00,0.00,0.00
MON-RIO,12.__2032,0.00,0.00,0.00
MON-RIO,13.__2033,0.00,0.00,0.00
MON-RIO,14.__2034,0.00,0.00,0.00
MON-RIO,15.__2035,0.00,0.00,0.00
MON-RIO,16.__2036,0.00,0.00,0.00
MON-RIO,17.__2037,0.00,0.00,0.00
MON-RIO,18.__2038,0.00,0.00,0.00
MON-RIO,19.__2039,0.00,0.00,0.00
MON-RIO,20.__2040,0.00,0.00,0.00
MON-RIO,21.__2041,0.00,0.00,0.00
MON-SALT,01.__2021,"2,800.00",0.00,0.00
MON-SALT,02.__2022,0.00,0.00,0.00
MON-SALT,03.__2023,0.00,0.00,0.00
MON-SALT,04.__2024,0.00,0.00,0.00
MON-SALT,05.__2025,0.00,0.00,0.00
MON-SALT,06.__2026,0.00,0.00,0.00
MON-SALT,07.__2027,0.00,0.00,0.00
MON-SALT,08.__2028,0.00,0.00,0.00
MON-SALT,09.__2029,0.00,0.00,0.00
MON-SALT,10.__2030,0.00,0.00,0.00
MON-SALT,11.__2031,0.00,0.00,0.00
MON-SALT,12.__2032,0.00,0.00,0.00
MON-SALT,13.__2033,0.00,0.00,0.00
MON-SALT,14.__2034,0.00,0.00,0.00
MON-SALT,15.__2035,0.00,0.00,0.00
MON-SALT,16.__2036,0.00,0.00,0.00
MON-SALT,17.__2037,0.00,0.00,0.00
MON-SALT,18.__2038,0.00,0.00,0.00
MON-SALT,19.__2039,0.00,0.00,0.00
MON-SALT,20.__2040,0.00,0.00,0.00
MON-SALT,21.__2041,0.00,0.00,0.00
MORE-ACAP,01.__2021,290.00,0.01,0.06
MORE-ACAP,02.__2022,0.00,0.00,0.00
MORE-ACAP,03.__2023,0.00,0.00,0.00
MORE-ACAP,04.__2024,0.00,0.00,0.00
MORE-ACAP,05.__2025,0.00,0.00,0.00
MORE-ACAP,06.__2026,0.00,0.00,0.00
MORE-ACAP,07.__2027,0.00,0.00,0.00
MORE-ACAP,08.__2028,0.00,0.00,0.00
MORE-ACAP,09.__2029,0.00,0.00,0.00
MORE-ACAP,10.__2030,0.00,0.00,0.00
MORE-ACAP,11.__2031,0.00,0.00,0.00
MORE-ACAP,12.__2032,0.00,0.00,0.00
MORE-ACAP,13.__2033,0.00,0.00,0.00
MORE-ACAP,14.__2034,0.00,0.00,0.00
MORE-ACAP,15.__2035,0.00,0.00,0.00
MORE-ACAP,16.__2036,0.00,0.00,0.00
MORE-ACAP,17.__2037,0.00,0.00,0.00
MORE-ACAP,18.__2038,0.00,0.00,0.00
MORE-ACAP,19.__2039,0.00,0.00,0.00
MORE-ACAP,20.__2040,0.00,0.00,0.00
MORE-ACAP,21.__2041,0.00,0.00,0.00
MORE-PUEB,01.__2021,"1,350.00",0.00,0.01
MORE-PUEB,02.__2022,0.00,0.00,0.00
MORE-PUEB,03.__2023,0.00,0.00,0.00
MORE-PUEB,04.__2024,0.00,0.00,0.00
MORE-PUEB,05.__2025,0.00,0.00,0.00
MORE-PUEB,06.__2026,0.00,0.00,0.00
MORE-PUEB,07.__2027,0.00,0.00,0.00
MORE-PUEB,08.__2028,0.00,0.00,0.00
MORE-PUEB,09.__2029,0.00,0.00,0.00
MORE-PUEB,10.__2030,0.00,0.00,0.00
MORE-PUEB,11.__2031,0.00,0.00,0.00
MORE-PUEB,12.__2032,0.00,0.00,0.00
MORE-PUEB,13.__2033,0.00,0.00,0.00
MORE-PUEB,14.__2034,0.00,0.00,0.00
MORE-PUEB,15.__2035,0.00,0.00,0.00
MORE-PUEB,16.__2036,0.00,0.00,0.00
MORE-PUEB,17.__2037,0.00,0.00,0.00
MORE-PUEB,18.__2038,0.00,0.00,0.00
MORE-PUEB,19.__2039,0.00,0.00,0.00
MORE-PUEB,20.__2040,0.00,0.00,0.00
MORE-PUEB,21.__2041,0.00,0.00,0.00
MORE-TOLU,01.__2021,82.00,0.01,0.04
MORE-TOLU,02.__2022,0.00,0.00,0.00
MORE-TOLU,03.__2023,0.00,0.00,0.00
MORE-TOLU,04.__2024,0.00,0.00,0.00
MORE-TOLU,05.__2025,0.00,0.00,0.00
MORE-TOLU,06.__2026,0.00,0.00,0.00
MORE-TOLU,07.__2027,0.00,0.00,0.00
MORE-TOLU,08.__2028,0.00,0.00,0.00
MORE-TOLU,09.__2029,0.00,0.00,0.00
MORE-TOLU,10.__2030,0.00,0.00,0.00
MORE-TOLU,11.__2031,0.00,0.00,0.00
MORE-TOLU,12.__2032,0.00,0.00,0.00
MORE-TOLU,13.__2033,0.00,0.00,0.00
MORE-TOLU,14.__2034,0.00,0.00,0.00
MORE-TOLU,15.__2035,0.00,0.00,0.00
MORE-TOLU,16.__2036,0.00,0.00,0.00
MORE-TOLU,17.__2037,0.00,0.00,0.00
MORE-TOLU,18.__2038,0.00,0.00,0.00
MORE-TOLU,19.__2039,0.00,0.00,0.00
MORE-TOLU,20.__2040,0.00,0.00,0.00
MORE-TOLU,21.__2041,0.00,0.00,0.00
MROP-COAT,01.__2021,110.00,0.06,0.20
MROP-COAT,02.__2022,0.00,0.00,0.00
MROP-COAT,03.__2023,0.00,0.00,0.00
MROP-COAT,04.__2024,0.00,0.00,0.00
MROP-COAT,05.__2025,0.00,0.00,0.00
MROP-COAT,06.__2026,0.00,0.00,0.00
MROP-COAT,07.__2027,0.00,0.00,0.00
MROP-COAT,08.__2028,0.00,0.00,0.00
MROP-COAT,09.__2029,0.00,0.00,0.00
MROP-COAT,10.__2030,0.00,0.00,0.00
MROP-COAT,11.__2031,0.00,0.00,0.00
MROP-COAT,12.__2032,0.00,0.00,0.00
MROP-COAT,13.__2033,0.00,0.00,0.00
MROP-COAT,14.__2034,0.00,0.00,0.00
MROP-COAT,15.__2035,0.00,0.00,0.00
MROP-COAT,16.__2036,0.00,0.00,0.00
MROP-COAT,17.__2037,0.00,0.00,0.00
MROP-COAT,18.__2038,0.00,0.00,0.00
MROP-COAT,19.__2039,0.00,0.00,0.00
MROP-COAT,20.__2040,0.00,0.00,0.00
MROP-COAT,21.__2041,0.00,0.00,0.00
MROP-JUIL,01.__2021,353.00,0.00,0.04
MROP-JUIL,02.__2022,0.00,0.00,0.00
MROP-JUIL,03.__2023,0.00,0.00,0.00
MROP-JUIL,04.__2024,0.00,0.00,0.00
MROP-JUIL,05.__2025,0.00,0.00,0.00
MROP-JUIL,06.__2026,0.00,0.00,0.00
MROP-JUIL,07.__2027,0.00,0.00,0.00
MROP-JUIL,08.__2028,0.00,0.00,0.00
MROP-JUIL,09.__2029,0.00,0.00,0.00
MROP-JUIL,10.__2030,0.00,0.00,0.00
MROP-JUIL,11.__2031,0.00,0.00,0.00
MROP-JUIL,12.__2032,0.00,0.00,0.00
MROP-JUIL,13.__2033,0.00,0.00,0.00
MROP-JUIL,14.__2034,0.00,0.00,0.00
MROP-JUIL,15.__2035,0.00,0.00,0.00
MROP-JUIL,16.__2036,0.00,0.00,0.00
MROP-JUIL,17.__2037,0.00,0.00,0.00
MROP-JUIL,18.__2038,0.00,0.00,0.00
MROP-JUIL,19.__2039,0.00,0.00,0.00
MROP-JUIL,20.__2040,0.00,0.00,0.00
MROP-JUIL,21.__2041,0.00,0.00,0.00
NACO-CANA,01.__2021,535.00,0.00,0.03
NACO-CANA,02.__2022,0.00,0.00,0.00
NACO-CANA,03.__2023,0.00,0.00,0.00
NACO-CANA,04.__2024,0.00,0.00,0.00
NACO-CANA,05.__2025,0.00,0.00,0.00
NACO-CANA,06.__2026,0.00,0.00,0.00
NACO-CANA,07.__2027,0.00,0.00,0.00
NACO-CANA,08.__2028,0.00,0.00,0.00
NACO-CANA,09.__2029,0.00,0.00,0.00
NACO-CANA,10.__2030,0.00,0.00,0.00
NACO-CANA,11.__2031,0.00,0.00,0.00
NACO-CANA,12.__2032,0.00,0.00,0.00
NACO-CANA,13.__2033,0.00,0.00,0.00
NACO-CANA,14.__2034,0.00,0.00,0.00
NACO-CANA,15.__2035,0.00,0.00,0.00
NACO-CANA,16.__2036,0.00,0.00,0.00
NACO-CANA,17.__2037,0.00,0.00,0.00
NACO-CANA,18.__2038,0.00,0.00,0.00
NACO-CANA,19.__2039,0.00,0.00,0.00
NACO-CANA,20.__2040,0.00,0.00,0.00
NACO-CANA,21.__2041,0.00,0.00,0.00
NLAD-REY,01.__2021,140.00,0.04,0.13
NLAD-REY,02.__2022,0.00,0.00,0.00
NLAD-REY,03.__2023,0.00,0.00,0.00
NLAD-REY,04.__2024,0.00,0.00,0.00
NLAD-REY,05.__2025,0.00,0.00,0.00
NLAD-REY,06.__2026,0.00,0.00,0.00
NLAD-REY,07.__2027,0.00,0.00,0.00
NLAD-REY,08.__2028,0.00,0.00,0.00
NLAD-REY,09.__2029,0.00,0.00,0.00
NLAD-REY,10.__2030,0.00,0.00,0.00
NLAD-REY,11.__2031,0.00,0.00,0.00
NLAD-REY,12.__2032,0.00,0.00,0.00
NLAD-REY,13.__2033,0.00,0.00,0.00
NLAD-REY,14.__2034,0.00,0.00,0.00
NLAD-REY,15.__2035,0.00,0.00,0.00
NLAD-REY,16.__2036,0.00,0.00,0.00
NLAD-REY,17.__2037,0.00,0.00,0.00
NLAD-REY,18.__2038,0.00,0.00,0.00
NLAD-REY,19.__2039,0.00,0.00,0.00
NLAD-REY,20.__2040,0.00,0.00,0.00
NLAD-REY,21.__2041,0.00,0.00,0.00
NVOC-NACO,01.__2021,550.00,0.01,0.08
NVOC-NACO,02.__2022,0.00,0.00,0.00
NVOC-NACO,03.__2023,0.00,0.00,0.00
NVOC-NACO,04.__2024,97.00,6.05,762.00
NVOC-NACO,05.__2025,0.00,0.00,0.00
NVOC-NACO,06.__2026,0.00,0.00,0.00
NVOC-NACO,07.__2027,0.00,0.00,0.00
NVOC-NACO,08.__2028,0.00,0.00,0.00
NVOC-NACO,09.__2029,0.00,0.00,0.00
NVOC-NACO,10.__2030,0.00,0.00,0.00
NVOC-NACO,11.__2031,0.00,0.00,0.00
NVOC-NACO,12.__2032,0.00,0.00,0.00
NVOC-NACO,13.__2033,0.00,0.00,0.00
NVOC-NACO,14.__2034,0.00,0.00,0.00
NVOC-NACO,15.__2035,0.00,0.00,0.00
NVOC-NACO,16.__2036,0.00,0.00,0.00
NVOC-NACO,17.__2037,0.00,0.00,0.00
NVOC-NACO,18.__2038,0.00,0.00,0.00
NVOC-NACO,19.__2039,0.00,0.00,0.00
NVOC-NACO,20.__2040,0.00,0.00,0.00
NVOC-NACO,21.__2041,0.00,0.00,0.00
OAXA-ACAP,01.__2021,60.00,0.07,0.26
OAXA-ACAP,02.__2022,0.00,0.00,0.00
OAXA-ACAP,03.__2023,0.00,0.00,0.00
OAXA-ACAP,04.__2024,0.00,0.00,0.00
OAXA-ACAP,05.__2025,0.00,0.00,0.00
OAXA-ACAP,06.__2026,0.00,0.00,0.00
OAXA-ACAP,07.__2027,0.00,0.00,0.00
OAXA-ACAP,08.__2028,0.00,0.00,0.00
OAXA-ACAP,09.__2029,0.00,0.00,0.00
OAXA-ACAP,10.__2030,0.00,0.00,0.00
OAXA-ACAP,11.__2031,0.00,0.00,0.00
OAXA-ACAP,12.__2032,0.00,0.00,0.00
OAXA-ACAP,13.__2033,0.00,0.00,0.00
OAXA-ACAP,14.__2034,0.00,0.00,0.00
OAXA-ACAP,15.__2035,0.00,0.00,0.00
OAXA-ACAP,16.__2036,0.00,0.00,0.00
OAXA-ACAP,17.__2037,0.00,0.00,0.00
OAXA-ACAP,18.__2038,0.00,0.00,0.00
OAXA-ACAP,19.__2039,0.00,0.00,0.00
OAXA-ACAP,20.__2040,0.00,0.00,0.00
OAXA-ACAP,21.__2041,0.00,0.00,0.00
OBRE-GUAY,01.__2021,"1,500.00",0.00,0.01
OBRE-GUAY,02.__2022,0.00,0.00,0.00
OBRE-GUAY,03.__2023,0.00,0.00,0.00
OBRE-GUAY,04.__2024,100.00,0.89,99.13
OBRE-GUAY,05.__2025,0.00,0.00,0.00
OBRE-GUAY,06.__2026,0.00,0.00,0.00
OBRE-GUAY,07.__2027,0.00,0.00,0.00
OBRE-GUAY,08.__2028,0.00,0.00,0.00
OBRE-GUAY,09.__2029,0.00,0.00,0.00
OBRE-GUAY,10.__2030,0.00,0.00,0.00
OBRE-GUAY,11.__2031,0.00,0.00,0.00
OBRE-GUAY,12.__2032,0.00,0.00,0.00
OBRE-GUAY,13.__2033,0.00,0.00,0.00
OBRE-GUAY,14.__2034,0.00,0.00,0.00
OBRE-GUAY,15.__2035,0.00,0.00,0.00
OBRE-GUAY,16.__2036,0.00,0.00,0.00
OBRE-GUAY,17.__2037,0.00,0.00,0.00
OBRE-GUAY,18.__2038,0.00,0.00,0.00
OBRE-GUAY,19.__2039,0.00,0.00,0.00
OBRE-GUAY,20.__2040,0.00,0.00,0.00
OBRE-GUAY,21.__2041,0.00,0.00,0.00
OBR-MOCH,01.__2021,"1,350.00",0.00,0.02
OBR-MOCH,02.__2022,0.00,0.00,0.00
OBR-MOCH,03.__2023,0.00,0.00,0.00
OBR-MOCH,04.__2024,100.00,1.96,188.99
OBR-MOCH,05.__2025,0.00,0.00,0.00
OBR-MOCH,06.__2026,0.00,0.00,0.00
OBR-MOCH,07.__2027,0.00,0.00,0.00
OBR-MOCH,08.__2028,0.00,0.00,0.00
OBR-MOCH,09.__2029,0.00,0.00,0.00
OBR-MOCH,10.__2030,0.00,0.00,0.00
OBR-MOCH,11.__2031,0.00,0.00,0.00
OBR-MOCH,12.__2032,0.00,0.00,0.00
OBR-MOCH,13.__2033,0.00,0.00,0.00
OBR-MOCH,14.__2034,0.00,0.00,0.00
OBR-MOCH,15.__2035,0.00,0.00,0.00
OBR-MOCH,16.__2036,0.00,0.00,0.00
OBR-MOCH,17.__2037,0.00,0.00,0.00
OBR-MOCH,18.__2038,0.00,0.00,0.00
OBR-MOCH,19.__2039,0.00,0.00,0.00
OBR-MOCH,20.__2040,0.00,0.00,0.00
OBR-MOCH,21.__2041,0.00,0.00,0.00
PILV-CANC,01.__2021,0.00,0.00,0.00
PILV-CANC,02.__2022,0.00,0.00,0.00
PILV-CANC,03.__2023,0.00,0.00,0.00
PILV-CANC,04.__2024,330.00,0.00,0.00
PILV-CANC,05.__2025,0.00,0.00,0.00
PILV-CANC,06.__2026,0.00,0.00,0.00
PILV-CANC,07.__2027,0.00,0.00,0.00
PILV-CANC,08.__2028,0.00,0.00,0.00
PILV-CANC,09.__2029,0.00,0.00,0.00
PILV-CANC,10.__2030,0.00,0.00,0.00
PILV-CANC,11.__2031,0.00,0.00,0.00
PILV-CANC,12.__2032,0.00,0.00,0.00
PILV-CANC,13.__2033,0.00,0.00,0.00
PILV-CANC,14.__2034,0.00,0.00,0.00
PILV-CANC,15.__2035,0.00,0.00,0.00
PILV-CANC,16.__2036,0.00,0.00,0.00
PILV-CANC,17.__2037,0.00,0.00,0.00
PILV-CANC,18.__2038,0.00,0.00,0.00
PILV-CANC,19.__2039,0.00,0.00,0.00
PILV-CANC,20.__2040,0.00,0.00,0.00
PILV-CANC,21.__2041,0.00,0.00,0.00
PILV-PLYC,01.__2021,225.00,0.00,0.01
PILV-PLYC,02.__2022,0.00,0.00,0.00
PILV-PLYC,03.__2023,0.00,0.00,0.00
PILV-PLYC,04.__2024,-45.00,"1,000.00","10,000.00"
PILV-PLYC,05.__2025,0.00,0.00,0.00
PILV-PLYC,06.__2026,0.00,0.00,0.00
PILV-PLYC,07.__2027,0.00,0.00,0.00
PILV-PLYC,08.__2028,0.00,0.00,0.00
PILV-PLYC,09.__2029,0.00,0.00,0.00
PILV-PLYC,10.__2030,0.00,0.00,0.00
PILV-PLYC,11.__2031,0.00,0.00,0.00
PILV-PLYC,12.__2032,0.00,0.00,0.00
PILV-PLYC,13.__2033,0.00,0.00,0.00
PILV-PLYC,14.__2034,0.00,0.00,0.00
PILV-PLYC,15.__2035,0.00,0.00,0.00
PILV-PLYC,16.__2036,0.00,0.00,0.00
PILV-PLYC,17.__2037,0.00,0.00,0.00
PILV-PLYC,18.__2038,0.00,0.00,0.00
PILV-PLYC,19.__2039,0.00,0.00,0.00
PILV-PLYC,20.__2040,0.00,0.00,0.00
PILV-PLYC,21.__2041,0.00,0.00,0.00
PLYC-CANC,01.__2021,190.00,0.00,0.01
PLYC-CANC,02.__2022,0.00,0.00,0.00
PLYC-CANC,03.__2023,0.00,0.00,0.00
PLYC-CANC,04.__2024,-15.00,"1,000.00","10,000.00"
PLYC-CANC,05.__2025,0.00,0.00,0.00
PLYC-CANC,06.__2026,0.00,0.00,0.00
PLYC-CANC,07.__2027,0.00,0.00,0.00
PLYC-CANC,08.__2028,0.00,0.00,0.00
PLYC-CANC,09.__2029,0.00,0.00,0.00
PLYC-CANC,10.__2030,0.00,0.00,0.00
PLYC-CANC,11.__2031,0.00,0.00,0.00
PLYC-CANC,12.__2032,0.00,0.00,0.00
PLYC-CANC,13.__2033,0.00,0.00,0.00
PLYC-CANC,14.__2034,0.00,0.00,0.00
PLYC-CANC,15.__2035,0.00,0.00,0.00
PLYC-CANC,16.__2036,0.00,0.00,0.00
PLYC-CANC,17.__2037,0.00,0.00,0.00
PLYC-CANC,18.__2038,0.00,0.00,0.00
PLYC-CANC,19.__2039,0.00,0.00,0.00
PLYC-CANC,20.__2040,0.00,0.00,0.00
PLYC-CANC,21.__2041,0.00,0.00,0.00
PLYC-COZU,01.__2021,30.80,0.05,0.19
PLYC-COZU,02.__2022,0.00,0.00,0.00
PLYC-COZU,03.__2023,0.00,0.00,0.00
PLYC-COZU,04.__2024,114.20,0.01,0.03
PLYC-COZU,05.__2025,0.00,0.00,0.00
PLYC-COZU,06.__2026,0.00,0.00,0.00
PLYC-COZU,07.__2027,0.00,0.00,0.00
PLYC-COZU,08.__2028,0.00,0.00,0.00
PLYC-COZU,09.__2029,0.00,0.00,0.00
PLYC-COZU,10.__2030,0.00,0.00,0.00
PLYC-COZU,11.__2031,0.00,0.00,0.00
PLYC-COZU,12.__2032,0.00,0.00,0.00
PLYC-COZU,13.__2033,0.00,0.00,0.00
PLYC-COZU,14.__2034,0.00,0.00,0.00
PLYC-COZU,15.__2035,0.00,0.00,0.00
PLYC-COZU,16.__2036,0.00,0.00,0.00
PLYC-COZU,17.__2037,0.00,0.00,0.00
PLYC-COZU,18.__2038,0.00,0.00,0.00
PLYC-COZU,19.__2039,0.00,0.00,0.00
PLYC-COZU,20.__2040,0.00,0.00,0.00
PLYC-COZU,21.__2041,0.00,0.00,0.00
POZA-PUEB,01.__2021,310.00,0.01,0.05
POZA-PUEB,02.__2022,0.00,0.00,0.00
POZA-PUEB,03.__2023,0.00,0.00,0.00
POZA-PUEB,04.__2024,0.00,0.00,0.00
POZA-PUEB,05.__2025,0.00,0.00,0.00
POZA-PUEB,06.__2026,0.00,0.00,0.00
POZA-PUEB,07.__2027,90.00,6.38,523.41
POZA-PUEB,08.__2028,0.00,0.00,0.00
POZA-PUEB,09.__2029,0.00,0.00,0.00
POZA-PUEB,10.__2030,0.00,0.00,0.00
POZA-PUEB,11.__2031,0.00,0.00,0.00
POZA-PUEB,12.__2032,0.00,0.00,0.00
POZA-PUEB,13.__2033,0.00,0.00,0.00
POZA-PUEB,14.__2034,0.00,0.00,0.00
POZA-PUEB,15.__2035,0.00,0.00,0.00
POZA-PUEB,16.__2036,0.00,0.00,0.00
POZA-PUEB,17.__2037,0.00,0.00,0.00
POZA-PUEB,18.__2038,0.00,0.00,0.00
POZA-PUEB,19.__2039,0.00,0.00,0.00
POZA-PUEB,20.__2040,0.00,0.00,0.00
POZA-PUEB,21.__2041,0.00,0.00,0.00
POZA-TULA,01.__2021,"1,850.00",0.00,0.02
POZA-TULA,02.__2022,0.00,0.00,0.00
POZA-TULA,03.__2023,0.00,0.00,0.00
POZA-TULA,04.__2024,0.00,0.00,0.00
POZA-TULA,05.__2025,0.00,0.00,0.00
POZA-TULA,06.__2026,0.00,0.00,0.00
POZA-TULA,07.__2027,0.00,0.00,0.00
POZA-TULA,08.__2028,0.00,0.00,0.00
POZA-TULA,09.__2029,0.00,0.00,0.00
POZA-TULA,10.__2030,0.00,0.00,0.00
POZA-TULA,11.__2031,0.00,0.00,0.00
POZA-TULA,12.__2032,0.00,0.00,0.00
POZA-TULA,13.__2033,0.00,0.00,0.00
POZA-TULA,14.__2034,0.00,0.00,0.00
POZA-TULA,15.__2035,0.00,0.00,0.00
POZA-TULA,16.__2036,0.00,0.00,0.00
POZA-TULA,17.__2037,0.00,0.00,0.00
POZA-TULA,18.__2038,0.00,0.00,0.00
POZA-TULA,19.__2039,0.00,0.00,0.00
POZA-TULA,20.__2040,0.00,0.00,0.00
POZA-TULA,21.__2041,0.00,0.00,0.00
PUEB-VERA,01.__2021,"1,100.00",0.00,0.01
PUEB-VERA,02.__2022,0.00,0.00,0.00
PUEB-VERA,03.__2023,0.10,0.00,0.04
PUEB-VERA,04.__2024,0.00,0.00,0.00
PUEB-VERA,05.__2025,0.00,0.00,0.00
PUEB-VERA,06.__2026,0.00,0.00,0.00
PUEB-VERA,07.__2027,0.00,0.00,0.00
PUEB-VERA,08.__2028,0.00,0.00,0.00
PUEB-VERA,09.__2029,0.00,0.00,0.00
PUEB-VERA,10.__2030,0.00,0.00,0.00
PUEB-VERA,11.__2031,0.00,0.00,0.00
PUEB-VERA,12.__2032,0.00,0.00,0.00
PUEB-VERA,13.__2033,0.00,0.00,0.00
PUEB-VERA,14.__2034,0.00,0.00,0.00
PUEB-VERA,15.__2035,0.00,0.00,0.00
PUEB-VERA,16.__2036,0.00,0.00,0.00
PUEB-VERA,17.__2037,0.00,0.00,0.00
PUEB-VERA,18.__2038,0.00,0.00,0.00
PUEB-VERA,19.__2039,0.00,0.00,0.00
PUEB-VERA,20.__2040,0.00,0.00,0.00
PUEB-VERA,21.__2041,0.00,0.00,0.00
QUER-CENT,01.__2021,150.00,0.02,0.15
QUER-CENT,02.__2022,0.00,0.00,0.00
QUER-CENT,03.__2023,0.00,0.00,0.00
QUER-CENT,04.__2024,0.00,0.00,0.00
QUER-CENT,05.__2025,0.00,0.00,0.00
QUER-CENT,06.__2026,-150.00,"1,000.00","10,000.00"
QUER-CENT,07.__2027,0.00,0.00,0.00
QUER-CENT,08.__2028,0.00,0.00,0.00
QUER-CENT,09.__2029,0.00,0.00,0.00
QUER-CENT,10.__2030,0.00,0.00,0.00
QUER-CENT,11.__2031,0.00,0.00,0.00
QUER-CENT,12.__2032,0.00,0.00,0.00
QUER-CENT,13.__2033,0.00,0.00,0.00
QUER-CENT,14.__2034,0.00,0.00,0.00
QUER-CENT,15.__2035,0.00,0.00,0.00
QUER-CENT,16.__2036,0.00,0.00,0.00
QUER-CENT,17.__2037,0.00,0.00,0.00
QUER-CENT,18.__2038,0.00,0.00,0.00
QUER-CENT,19.__2039,0.00,0.00,0.00
QUER-CENT,20.__2040,0.00,0.00,0.00
QUER-CENT,21.__2041,0.00,0.00,0.00
QUER-JILO,01.__2021,165.00,0.00,0.03
QUER-JILO,02.__2022,0.00,0.00,0.00
QUER-JILO,03.__2023,0.00,0.00,0.00
QUER-JILO,04.__2024,0.00,0.00,0.00
QUER-JILO,05.__2025,0.00,0.00,0.00
QUER-JILO,06.__2026,335.00,0.00,0.02
QUER-JILO,07.__2027,0.00,0.00,0.00
QUER-JILO,08.__2028,0.00,0.00,0.00
QUER-JILO,09.__2029,0.00,0.00,0.00
QUER-JILO,10.__2030,0.00,0.00,0.00
QUER-JILO,11.__2031,0.00,0.00,0.00
QUER-JILO,12.__2032,0.00,0.00,0.00
QUER-JILO,13.__2033,0.00,0.00,0.00
QUER-JILO,14.__2034,0.00,0.00,0.00
QUER-JILO,15.__2035,0.00,0.00,0.00
QUER-JILO,16.__2036,0.00,0.00,0.00
QUER-JILO,17.__2037,0.00,0.00,0.00
QUER-JILO,18.__2038,0.00,0.00,0.00
QUER-JILO,19.__2039,0.00,0.00,0.00
QUER-JILO,20.__2040,0.00,0.00,0.00
QUER-JILO,21.__2041,0.00,0.00,0.00
REY-MAT,01.__2021,"1,400.00",0.00,0.01
REY-MAT,02.__2022,0.00,0.00,0.00
REY-MAT,03.__2023,0.00,0.00,0.00
REY-MAT,04.__2024,0.00,0.00,0.00
REY-MAT,05.__2025,0.00,0.00,0.00
REY-MAT,06.__2026,0.00,0.00,0.00
REY-MAT,07.__2027,0.00,0.00,0.00
REY-MAT,08.__2028,0.00,0.00,0.00
REY-MAT,09.__2029,0.00,0.00,0.00
REY-MAT,10.__2030,0.00,0.00,0.00
REY-MAT,11.__2031,0.00,0.00,0.00
REY-MAT,12.__2032,0.00,0.00,0.00
REY-MAT,13.__2033,0.00,0.00,0.00
REY-MAT,14.__2034,0.00,0.00,0.00
REY-MAT,15.__2035,0.00,0.00,0.00
REY-MAT,16.__2036,0.00,0.00,0.00
REY-MAT,17.__2037,0.00,0.00,0.00
REY-MAT,18.__2038,0.00,0.00,0.00
REY-MAT,19.__2039,0.00,0.00,0.00
REY-MAT,20.__2040,0.00,0.00,0.00
REY-MAT,21.__2041,0.00,0.00,0.00
RIO-NLAD,01.__2021,400.00,0.00,0.03
RIO-NLAD,02.__2022,0.00,0.00,0.00
RIO-NLAD,03.__2023,0.00,0.00,0.00
RIO-NLAD,04.__2024,0.00,0.00,0.00
RIO-NLAD,05.__2025,0.00,0.00,0.00
RIO-NLAD,06.__2026,0.00,0.00,0.00
RIO-NLAD,07.__2027,0.00,0.00,0.00
RIO-NLAD,08.__2028,0.00,0.00,0.00
RIO-NLAD,09.__2029,0.00,0.00,0.00
RIO-NLAD,10.__2030,0.00,0.00,0.00
RIO-NLAD,11.__2031,0.00,0.00,0.00
RIO-NLAD,12.__2032,0.00,0.00,0.00
RIO-NLAD,13.__2033,0.00,0.00,0.00
RIO-NLAD,14.__2034,0.00,0.00,0.00
RIO-NLAD,15.__2035,0.00,0.00,0.00
RIO-NLAD,16.__2036,0.00,0.00,0.00
RIO-NLAD,17.__2037,0.00,0.00,0.00
RIO-NLAD,18.__2038,0.00,0.00,0.00
RIO-NLAD,19.__2039,0.00,0.00,0.00
RIO-NLAD,20.__2040,0.00,0.00,0.00
RIO-NLAD,21.__2041,0.00,0.00,0.00
SALM-QUER,01.__2021,"1,600.00",0.00,0.00
SALM-QUER,02.__2022,0.00,0.00,0.00
SALM-QUER,03.__2023,0.00,0.00,0.00
SALM-QUER,04.__2024,0.00,0.00,0.00
SALM-QUER,05.__2025,0.00,0.00,0.00
SALM-QUER,06.__2026,0.00,0.00,0.00
SALM-QUER,07.__2027,0.00,0.00,0.00
SALM-QUER,08.__2028,0.00,0.00,0.00
SALM-QUER,09.__2029,0.00,0.00,0.00
SALM-QUER,10.__2030,0.00,0.00,0.00
SALM-QUER,11.__2031,0.00,0.00,0.00
SALM-QUER,12.__2032,0.00,0.00,0.00
SALM-QUER,13.__2033,0.00,0.00,0.00
SALM-QUER,14.__2034,0.00,0.00,0.00
SALM-QUER,15.__2035,0.00,0.00,0.00
SALM-QUER,16.__2036,0.00,0.00,0.00
SALM-QUER,17.__2037,0.00,0.00,0.00
SALM-QUER,18.__2038,0.00,0.00,0.00
SALM-QUER,19.__2039,0.00,0.00,0.00
SALM-QUER,20.__2040,0.00,0.00,0.00
SALM-QUER,21.__2041,0.00,0.00,0.00
SALT-1ROM,01.__2021,"1,350.00",0.00,0.02
SALT-1ROM,02.__2022,0.00,0.00,0.00
SALT-1ROM,03.__2023,0.00,0.00,0.00
SALT-1ROM,04.__2024,0.00,0.00,0.00
SALT-1ROM,05.__2025,57.00,0.02,0.20
SALT-1ROM,06.__2026,0.00,0.00,0.00
SALT-1ROM,07.__2027,0.00,0.00,0.00
SALT-1ROM,08.__2028,0.00,0.00,0.00
SALT-1ROM,09.__2029,0.00,0.00,0.00
SALT-1ROM,10.__2030,0.00,0.00,0.00
SALT-1ROM,11.__2031,0.00,0.00,0.00
SALT-1ROM,12.__2032,0.00,0.00,0.00
SALT-1ROM,13.__2033,0.00,0.00,0.00
SALT-1ROM,14.__2034,0.00,0.00,0.00
SALT-1ROM,15.__2035,0.00,0.00,0.00
SALT-1ROM,16.__2036,0.00,0.00,0.00
SALT-1ROM,17.__2037,0.00,0.00,0.00
SALT-1ROM,18.__2038,0.00,0.00,0.00
SALT-1ROM,19.__2039,0.00,0.00,0.00
SALT-1ROM,20.__2040,0.00,0.00,0.00
SALT-1ROM,21.__2041,0.00,0.00,0.00
SLP-SLPZ,01.__2021,490.00,0.01,0.04
SLP-SLPZ,02.__2022,0.00,0.00,0.00
SLP-SLPZ,03.__2023,0.00,0.00,0.00
SLP-SLPZ,04.__2024,0.00,0.00,0.00
SLP-SLPZ,05.__2025,0.00,0.00,0.00
SLP-SLPZ,06.__2026,0.00,0.00,0.00
SLP-SLPZ,07.__2027,0.00,0.00,0.00
SLP-SLPZ,08.__2028,0.00,0.00,0.00
SLP-SLPZ,09.__2029,0.00,0.00,0.00
SLP-SLPZ,10.__2030,0.00,0.00,0.00
SLP-SLPZ,11.__2031,0.00,0.00,0.00
SLP-SLPZ,12.__2032,0.00,0.00,0.00
SLP-SLPZ,13.__2033,0.00,0.00,0.00
SLP-SLPZ,14.__2034,0.00,0.00,0.00
SLP-SLPZ,15.__2035,0.00,0.00,0.00
SLP-SLPZ,16.__2036,0.00,0.00,0.00
SLP-SLPZ,17.__2037,0.00,0.00,0.00
SLP-SLPZ,18.__2038,0.00,0.00,0.00
SLP-SLPZ,19.__2039,0.00,0.00,0.00
SLP-SLPZ,20.__2040,0.00,0.00,0.00
SLP-SLPZ,21.__2041,0.00,0.00,0.00
SLPZ-QUER,01.__2021,876.00,0.00,0.01
SLPZ-QUER,02.__2022,0.00,0.00,0.00
SLPZ-QUER,03.__2023,0.00,0.00,0.00
SLPZ-QUER,04.__2024,350.00,0.01,0.04
SLPZ-QUER,05.__2025,0.10,0.01,0.06
SLPZ-QUER,06.__2026,0.00,0.00,0.00
SLPZ-QUER,07.__2027,0.00,0.00,0.00
SLPZ-QUER,08.__2028,0.00,0.00,0.00
SLPZ-QUER,09.__2029,0.00,0.00,0.00
SLPZ-QUER,10.__2030,0.00,0.00,0.00
SLPZ-QUER,11.__2031,0.00,0.00,0.00
SLPZ-QUER,12.__2032,0.00,0.00,0.00
SLPZ-QUER,13.__2033,0.00,0.00,0.00
SLPZ-QUER,14.__2034,0.00,0.00,0.00
SLPZ-QUER,15.__2035,0.00,0.00,0.00
SLPZ-QUER,16.__2036,0.00,0.00,0.00
SLPZ-QUER,17.__2037,0.00,0.00,0.00
SLPZ-QUER,18.__2038,0.00,0.00,0.00
SLPZ-QUER,19.__2039,0.00,0.00,0.00
SLPZ-QUER,20.__2040,0.00,0.00,0.00
SLPZ-QUER,21.__2041,0.00,0.00,0.00
TABA-ESCA,01.__2021,"1,200.00",0.00,0.02
TABA-ESCA,02.__2022,0.00,0.00,0.00
TABA-ESCA,03.__2023,0.00,0.00,0.00
TABA-ESCA,04.__2024,-200.00,"1,000.00","10,000.00"
TABA-ESCA,05.__2025,0.00,0.00,0.00
TABA-ESCA,06.__2026,0.00,0.00,0.00
TABA-ESCA,07.__2027,0.00,0.00,0.00
TABA-ESCA,08.__2028,0.00,0.00,0.00
TABA-ESCA,09.__2029,0.00,0.00,0.00
TABA-ESCA,10.__2030,0.00,0.00,0.00
TABA-ESCA,11.__2031,0.00,0.00,0.00
TABA-ESCA,12.__2032,0.00,0.00,0.00
TABA-ESCA,13.__2033,0.00,0.00,0.00
TABA-ESCA,14.__2034,0.00,0.00,0.00
TABA-ESCA,15.__2035,0.00,0.00,0.00
TABA-ESCA,16.__2036,0.00,0.00,0.00
TABA-ESCA,17.__2037,0.00,0.00,0.00
TABA-ESCA,18.__2038,0.00,0.00,0.00
TABA-ESCA,19.__2039,0.00,0.00,0.00
TABA-ESCA,20.__2040,0.00,0.00,0.00
TABA-ESCA,21.__2041,0.00,0.00,0.00
TAMA-JILO,01.__2021,0.00,0.00,0.00
TAMA-JILO,02.__2022,0.00,0.00,0.00
TAMA-JILO,03.__2023,0.00,0.00,0.00
TAMA-JILO,04.__2024,0.00,0.00,0.00
TAMA-JILO,05.__2025,0.00,0.00,0.00
TAMA-JILO,06.__2026,"1,435.00",0.00,0.02
TAMA-JILO,07.__2027,0.00,0.00,0.00
TAMA-JILO,08.__2028,0.00,0.00,0.00
TAMA-JILO,09.__2029,0.00,0.00,0.00
TAMA-JILO,10.__2030,0.00,0.00,0.00
TAMA-JILO,11.__2031,0.00,0.00,0.00
TAMA-JILO,12.__2032,0.00,0.00,0.00
TAMA-JILO,13.__2033,0.00,0.00,0.00
TAMA-JILO,14.__2034,0.00,0.00,0.00
TAMA-JILO,15.__2035,0.00,0.00,0.00
TAMA-JILO,16.__2036,0.00,0.00,0.00
TAMA-JILO,17.__2037,0.00,0.00,0.00
TAMA-JILO,18.__2038,0.00,0.00,0.00
TAMA-JILO,19.__2039,0.00,0.00,0.00
TAMA-JILO,20.__2040,0.00,0.00,0.00
TAMA-JILO,21.__2041,0.00,0.00,0.00
TAMA-QUER,01.__2021,"1,840.00",0.00,0.02
TAMA-QUER,02.__2022,0.00,0.00,0.00
TAMA-QUER,03.__2023,0.00,0.00,0.00
TAMA-QUER,04.__2024,0.00,0.00,0.00
TAMA-QUER,05.__2025,0.00,0.00,0.00
TAMA-QUER,06.__2026,-430.00,1.09,206.65
TAMA-QUER,07.__2027,0.00,0.00,0.00
TAMA-QUER,08.__2028,0.00,0.00,0.00
TAMA-QUER,09.__2029,0.00,0.00,0.00
TAMA-QUER,10.__2030,0.00,0.00,0.00
TAMA-QUER,11.__2031,0.00,0.00,0.00
TAMA-QUER,12.__2032,0.00,0.00,0.00
TAMA-QUER,13.__2033,0.00,0.00,0.00
TAMA-QUER,14.__2034,0.00,0.00,0.00
TAMA-QUER,15.__2035,0.00,0.00,0.00
TAMA-QUER,16.__2036,0.00,0.00,0.00
TAMA-QUER,17.__2037,0.00,0.00,0.00
TAMA-QUER,18.__2038,0.00,0.00,0.00
TAMA-QUER,19.__2039,0.00,0.00,0.00
TAMA-QUER,20.__2040,0.00,0.00,0.00
TAMA-QUER,21.__2041,0.00,0.00,0.00
TAM-HUA,01.__2021,"1,200.00",0.00,0.02
TAM-HUA,02.__2022,0.00,0.00,0.00
TAM-HUA,03.__2023,0.00,0.00,0.00
TAM-HUA,04.__2024,0.00,0.00,0.00
TAM-HUA,05.__2025,0.00,0.00,0.00
TAM-HUA,06.__2026,500.00,1.11,180.95
TAM-HUA,07.__2027,0.00,0.00,0.00
TAM-HUA,08.__2028,0.00,0.00,0.00
TAM-HUA,09.__2029,0.00,0.00,0.00
TAM-HUA,10.__2030,0.00,0.00,0.00
TAM-HUA,11.__2031,0.00,0.00,0.00
TAM-HUA,12.__2032,0.00,0.00,0.00
TAM-HUA,13.__2033,0.00,0.00,0.00
TAM-HUA,14.__2034,0.00,0.00,0.00
TAM-HUA,15.__2035,0.00,0.00,0.00
TAM-HUA,16.__2036,0.00,0.00,0.00
TAM-HUA,17.__2037,0.00,0.00,0.00
TAM-HUA,18.__2038,0.00,0.00,0.00
TAM-HUA,19.__2039,0.00,0.00,0.00
TAM-HUA,20.__2040,0.00,0.00,0.00
TAM-HUA,21.__2041,0.00,0.00,0.00
TEMA-COAT,01.__2021,"1,750.00",0.00,0.01
TEMA-COAT,02.__2022,0.00,0.00,0.00
TEMA-COAT,03.__2023,0.00,0.00,0.00
TEMA-COAT,04.__2024,0.00,0.00,0.00
TEMA-COAT,05.__2025,0.00,0.00,0.00
TEMA-COAT,06.__2026,0.00,0.00,0.00
TEMA-COAT,07.__2027,0.00,0.00,0.00
TEMA-COAT,08.__2028,0.00,0.00,0.00
TEMA-COAT,09.__2029,0.00,0.00,0.00
TEMA-COAT,10.__2030,0.00,0.00,0.00
TEMA-COAT,11.__2031,0.00,0.00,0.00
TEMA-COAT,12.__2032,0.00,0.00,0.00
TEMA-COAT,13.__2033,0.00,0.00,0.00
TEMA-COAT,14.__2034,0.00,0.00,0.00
TEMA-COAT,15.__2035,0.00,0.00,0.00
TEMA-COAT,16.__2036,0.00,0.00,0.00
TEMA-COAT,17.__2037,0.00,0.00,0.00
TEMA-COAT,18.__2038,0.00,0.00,0.00
TEMA-COAT,19.__2039,0.00,0.00,0.00
TEMA-COAT,20.__2040,0.00,0.00,0.00
TEMA-COAT,21.__2041,0.00,0.00,0.00
TEMA-OAXA,01.__2021,216.00,0.01,0.09
TEMA-OAXA,02.__2022,0.00,0.00,0.00
TEMA-OAXA,03.__2023,0.00,0.00,0.00
TEMA-OAXA,04.__2024,0.00,0.00,0.00
TEMA-OAXA,05.__2025,94.00,0.02,0.17
TEMA-OAXA,06.__2026,0.00,0.00,0.00
TEMA-OAXA,07.__2027,0.00,0.00,0.00
TEMA-OAXA,08.__2028,0.00,0.00,0.00
TEMA-OAXA,09.__2029,0.00,0.00,0.00
TEMA-OAXA,10.__2030,0.00,0.00,0.00
TEMA-OAXA,11.__2031,0.00,0.00,0.00
TEMA-OAXA,12.__2032,0.00,0.00,0.00
TEMA-OAXA,13.__2033,0.00,0.00,0.00
TEMA-OAXA,14.__2034,0.00,0.00,0.00
TEMA-OAXA,15.__2035,0.00,0.00,0.00
TEMA-OAXA,16.__2036,0.00,0.00,0.00
TEMA-OAXA,17.__2037,0.00,0.00,0.00
TEMA-OAXA,18.__2038,0.00,0.00,0.00
TEMA-OAXA,19.__2039,0.00,0.00,0.00
TEMA-OAXA,20.__2040,0.00,0.00,0.00
TEMA-OAXA,21.__2041,0.00,0.00,0.00
TEMA-PUEB,01.__2021,"3,210.00",0.00,0.01
TEMA-PUEB,02.__2022,0.00,0.00,0.00
TEMA-PUEB,03.__2023,0.00,0.00,0.00
TEMA-PUEB,04.__2024,177.00,0.76,61.25
TEMA-PUEB,05.__2025,0.00,0.00,0.00
TEMA-PUEB,06.__2026,0.00,0.00,0.00
TEMA-PUEB,07.__2027,0.00,0.00,0.00
TEMA-PUEB,08.__2028,0.00,0.00,0.00
TEMA-PUEB,09.__2029,0.00,0.00,0.00
TEMA-PUEB,10.__2030,0.00,0.00,0.00
TEMA-PUEB,11.__2031,0.00,0.00,0.00
TEMA-PUEB,12.__2032,0.00,0.00,0.00
TEMA-PUEB,13.__2033,0.00,0.00,0.00
TEMA-PUEB,14.__2034,0.00,0.00,0.00
TEMA-PUEB,15.__2035,0.00,0.00,0.00
TEMA-PUEB,16.__2036,0.00,0.00,0.00
TEMA-PUEB,17.__2037,0.00,0.00,0.00
TEMA-PUEB,18.__2038,0.00,0.00,0.00
TEMA-PUEB,19.__2039,0.00,0.00,0.00
TEMA-PUEB,20.__2040,0.00,0.00,0.00
TEMA-PUEB,21.__2041,0.00,0.00,0.00
TEP-GUA,01.__2021,"1,985.00",0.00,0.01
TEP-GUA,02.__2022,0.00,0.00,0.00
TEP-GUA,03.__2023,0.00,0.00,0.00
TEP-GUA,04.__2024,0.00,0.00,0.00
TEP-GUA,05.__2025,0.00,0.00,0.00
TEP-GUA,06.__2026,85.00,0.96,116.38
TEP-GUA,07.__2027,0.00,0.00,0.00
TEP-GUA,08.__2028,0.00,0.00,0.00
TEP-GUA,09.__2029,0.00,0.00,0.00
TEP-GUA,10.__2030,0.00,0.00,0.00
TEP-GUA,11.__2031,0.00,0.00,0.00
TEP-GUA,12.__2032,0.00,0.00,0.00
TEP-GUA,13.__2033,0.00,0.00,0.00
TEP-GUA,14.__2034,0.00,0.00,0.00
TEP-GUA,15.__2035,0.00,0.00,0.00
TEP-GUA,16.__2036,0.00,0.00,0.00
TEP-GUA,17.__2037,0.00,0.00,0.00
TEP-GUA,18.__2038,0.00,0.00,0.00
TEP-GUA,19.__2039,0.00,0.00,0.00
TEP-GUA,20.__2040,0.00,0.00,0.00
TEP-GUA,21.__2041,0.00,0.00,0.00
TOLU-CENT,01.__2021,965.00,0.00,0.00
TOLU-CENT,02.__2022,0.00,0.00,0.00
TOLU-CENT,03.__2023,0.00,0.00,0.00
TOLU-CENT,04.__2024,0.00,0.00,0.00
TOLU-CENT,05.__2025,0.00,0.00,0.00
TOLU-CENT,06.__2026,0.00,0.00,0.00
TOLU-CENT,07.__2027,0.00,0.00,0.00
TOLU-CENT,08.__2028,0.00,0.00,0.00
TOLU-CENT,09.__2029,0.00,0.00,0.00
TOLU-CENT,10.__2030,0.00,0.00,0.00
TOLU-CENT,11.__2031,0.00,0.00,0.00
TOLU-CENT,12.__2032,0.00,0.00,0.00
TOLU-CENT,13.__2033,0.00,0.00,0.00
TOLU-CENT,14.__2034,0.00,0.00,0.00
TOLU-CENT,15.__2035,0.00,0.00,0.00
TOLU-CENT,16.__2036,0.00,0.00,0.00
TOLU-CENT,17.__2037,0.00,0.00,0.00
TOLU-CENT,18.__2038,0.00,0.00,0.00
TOLU-CENT,19.__2039,0.00,0.00,0.00
TOLU-CENT,20.__2040,0.00,0.00,0.00
TOLU-CENT,21.__2041,0.00,0.00,0.00
TOLU-DOGU,01.__2021,650.00,0.00,0.01
TOLU-DOGU,02.__2022,0.00,0.00,0.00
TOLU-DOGU,03.__2023,0.00,0.00,0.00
TOLU-DOGU,04.__2024,0.00,0.00,0.00
TOLU-DOGU,05.__2025,0.00,0.00,0.00
TOLU-DOGU,06.__2026,0.00,0.00,0.00
TOLU-DOGU,07.__2027,0.00,0.00,0.00
TOLU-DOGU,08.__2028,0.00,0.00,0.00
TOLU-DOGU,09.__2029,0.00,0.00,0.00
TOLU-DOGU,10.__2030,0.00,0.00,0.00
TOLU-DOGU,11.__2031,0.00,0.00,0.00
TOLU-DOGU,12.__2032,0.00,0.00,0.00
TOLU-DOGU,13.__2033,0.00,0.00,0.00
TOLU-DOGU,14.__2034,0.00,0.00,0.00
TOLU-DOGU,15.__2035,0.00,0.00,0.00
TOLU-DOGU,16.__2036,0.00,0.00,0.00
TOLU-DOGU,17.__2037,0.00,0.00,0.00
TOLU-DOGU,18.__2038,0.00,0.00,0.00
TOLU-DOGU,19.__2039,0.00,0.00,0.00
TOLU-DOGU,20.__2040,0.00,0.00,0.00
TOLU-DOGU,21.__2041,0.00,0.00,0.00
TULA-CENT,01.__2021,"3,700.00",0.00,0.00
TULA-CENT,02.__2022,0.00,0.00,0.00
TULA-CENT,03.__2023,0.00,0.00,0.00
TULA-CENT,04.__2024,0.00,0.00,0.00
TULA-CENT,05.__2025,0.00,0.00,0.00
TULA-CENT,06.__2026,0.00,0.00,0.00
TULA-CENT,07.__2027,0.00,0.00,0.00
TULA-CENT,08.__2028,0.00,0.00,0.00
TULA-CENT,09.__2029,0.00,0.00,0.00
TULA-CENT,10.__2030,0.00,0.00,0.00
TULA-CENT,11.__2031,0.00,0.00,0.00
TULA-CENT,12.__2032,0.00,0.00,0.00
TULA-CENT,13.__2033,0.00,0.00,0.00
TULA-CENT,14.__2034,0.00,0.00,0.00
TULA-CENT,15.__2035,0.00,0.00,0.00
TULA-CENT,16.__2036,0.00,0.00,0.00
TULA-CENT,17.__2037,0.00,0.00,0.00
TULA-CENT,18.__2038,0.00,0.00,0.00
TULA-CENT,19.__2039,0.00,0.00,0.00
TULA-CENT,20.__2040,0.00,0.00,0.00
TULA-CENT,21.__2041,0.00,0.00,0.00
TULA-JILO,01.__2021,100.00,0.01,0.03
TULA-JILO,02.__2022,0.00,0.00,0.00
TULA-JILO,03.__2023,0.00,0.00,0.00
TULA-JILO,04.__2024,0.00,0.00,0.00
TULA-JILO,05.__2025,0.00,0.00,0.00
TULA-JILO,06.__2026,200.00,0.00,0.02
TULA-JILO,07.__2027,0.00,0.00,0.00
TULA-JILO,08.__2028,0.00,0.00,0.00
TULA-JILO,09.__2029,0.00,0.00,0.00
TULA-JILO,10.__2030,0.00,0.00,0.00
TULA-JILO,11.__2031,0.00,0.00,0.00
TULA-JILO,12.__2032,0.00,0.00,0.00
TULA-JILO,13.__2033,0.00,0.00,0.00
TULA-JILO,14.__2034,0.00,0.00,0.00
TULA-JILO,15.__2035,0.00,0.00,0.00
TULA-JILO,16.__2036,0.00,0.00,0.00
TULA-JILO,17.__2037,0.00,0.00,0.00
TULA-JILO,18.__2038,0.00,0.00,0.00
TULA-JILO,19.__2039,0.00,0.00,0.00
TULA-JILO,20.__2040,0.00,0.00,0.00
TULA-JILO,21.__2041,0.00,0.00,0.00
TULA-QUER,01.__2021,"1,550.00",0.00,0.01
TULA-QUER,02.__2022,0.00,0.00,0.00
TULA-QUER,03.__2023,0.00,0.00,0.00
TULA-QUER,04.__2024,0.00,0.00,0.00
TULA-QUER,05.__2025,0.00,0.00,0.00
TULA-QUER,06.__2026,-75.00,"1,000.00","10,000.00"
TULA-QUER,07.__2027,0.00,0.00,0.00
TULA-QUER,08.__2028,0.00,0.00,0.00
TULA-QUER,09.__2029,0.00,0.00,0.00
TULA-QUER,10.__2030,0.00,0.00,0.00
TULA-QUER,11.__2031,0.00,0.00,0.00
TULA-QUER,12.__2032,0.00,0.00,0.00
TULA-QUER,13.__2033,0.00,0.00,0.00
TULA-QUER,14.__2034,0.00,0.00,0.00
TULA-QUER,15.__2035,0.00,0.00,0.00
TULA-QUER,16.__2036,0.00,0.00,0.00
TULA-QUER,17.__2037,0.00,0.00,0.00
TULA-QUER,18.__2038,0.00,0.00,0.00
TULA-QUER,19.__2039,0.00,0.00,0.00
TULA-QUER,20.__2040,0.00,0.00,0.00
TULA-QUER,21.__2041,0.00,0.00,0.00
VALLA-CANC,01.__2021,335.00,0.01,0.06
VALLA-CANC,02.__2022,0.00,0.00,0.00
VALLA-CANC,03.__2023,0.00,0.00,0.00
VALLA-CANC,04.__2024,50.00,8.73,564.40
VALLA-CANC,05.__2025,0.00,0.00,0.00
VALLA-CANC,06.__2026,0.00,0.00,0.00
VALLA-CANC,07.__2027,0.00,0.00,0.00
VALLA-CANC,08.__2028,0.00,0.00,0.00
VALLA-CANC,09.__2029,0.00,0.00,0.00
VALLA-CANC,10.__2030,0.00,0.00,0.00
VALLA-CANC,11.__2031,0.00,0.00,0.00
VALLA-CANC,12.__2032,0.00,0.00,0.00
VALLA-CANC,13.__2033,0.00,0.00,0.00
VALLA-CANC,14.__2034,0.00,0.00,0.00
VALLA-CANC,15.__2035,0.00,0.00,0.00
VALLA-CANC,16.__2036,0.00,0.00,0.00
VALLA-CANC,17.__2037,0.00,0.00,0.00
VALLA-CANC,18.__2038,0.00,0.00,0.00
VALLA-CANC,19.__2039,0.00,0.00,0.00
VALLA-CANC,20.__2040,0.00,0.00,0.00
VALLA-CANC,21.__2041,0.00,0.00,0.00
VALLA-PLYC,01.__2021,40.00,0.10,0.37
VALLA-PLYC,02.__2022,0.00,0.00,0.00
VALLA-PLYC,03.__2023,0.00,0.00,0.00
VALLA-PLYC,04.__2024,0.00,0.00,0.00
VALLA-PLYC,05.__2025,0.00,0.00,0.00
VALLA-PLYC,06.__2026,0.00,0.00,0.00
VALLA-PLYC,07.__2027,0.00,0.00,0.00
VALLA-PLYC,08.__2028,0.00,0.00,0.00
VALLA-PLYC,09.__2029,0.00,0.00,0.00
VALLA-PLYC,10.__2030,0.00,0.00,0.00
VALLA-PLYC,11.__2031,0.00,0.00,0.00
VALLA-PLYC,12.__2032,0.00,0.00,0.00
VALLA-PLYC,13.__2033,0.00,0.00,0.00
VALLA-PLYC,14.__2034,0.00,0.00,0.00
VALLA-PLYC,15.__2035,0.00,0.00,0.00
VALLA-PLYC,16.__2036,0.00,0.00,0.00
VALLA-PLYC,17.__2037,0.00,0.00,0.00
VALLA-PLYC,18.__2038,0.00,0.00,0.00
VALLA-PLYC,19.__2039,0.00,0.00,0.00
VALLA-PLYC,20.__2040,0.00,0.00,0.00
VALLA-PLYC,21.__2041,0.00,0.00,0.00
VALL-HUA,01.__2021,"1,050.00",0.00,0.01
VALL-HUA,02.__2022,0.00,0.00,0.00
VALL-HUA,03.__2023,0.00,0.00,0.00
VALL-HUA,04.__2024,0.00,0.00,0.00
VALL-HUA,05.__2025,0.00,0.00,0.00
VALL-HUA,06.__2026,0.00,0.00,0.00
VALL-HUA,07.__2027,0.00,0.00,0.00
VALL-HUA,08.__2028,0.00,0.00,0.00
VALL-HUA,09.__2029,0.00,0.00,0.00
VALL-HUA,10.__2030,0.00,0.00,0.00
VALL-HUA,11.__2031,0.00,0.00,0.00
VALL-HUA,12.__2032,0.00,0.00,0.00
VALL-HUA,13.__2033,0.00,0.00,0.00
VALL-HUA,14.__2034,0.00,0.00,0.00
VALL-HUA,15.__2035,0.00,0.00,0.00
VALL-HUA,16.__2036,0.00,0.00,0.00
VALL-HUA,17.__2037,0.00,0.00,0.00
VALL-HUA,18.__2038,0.00,0.00,0.00
VALL-HUA,19.__2039,0.00,0.00,0.00
VALL-HUA,20.__2040,0.00,0.00,0.00
VALL-HUA,21.__2041,0.00,0.00,0.00
VALL-SLP,01.__2021,"1,500.00",0.00,0.03
VALL-SLP,02.__2022,0.00,0.00,0.00
VALL-SLP,03.__2023,0.00,0.00,0.00
VALL-SLP,04.__2024,0.00,0.00,0.00
VALL-SLP,05.__2025,0.00,0.00,0.00
VALL-SLP,06.__2026,0.00,0.00,0.00
VALL-SLP,07.__2027,0.00,0.00,0.00
VALL-SLP,08.__2028,0.00,0.00,0.00
VALL-SLP,09.__2029,0.00,0.00,0.00
VALL-SLP,10.__2030,0.00,0.00,0.00
VALL-SLP,11.__2031,0.00,0.00,0.00
VALL-SLP,12.__2032,0.00,0.00,0.00
VALL-SLP,13.__2033,0.00,0.00,0.00
VALL-SLP,14.__2034,0.00,0.00,0.00
VALL-SLP,15.__2035,0.00,0.00,0.00
VALL-SLP,16.__2036,0.00,0.00,0.00
VALL-SLP,17.__2037,0.00,0.00,0.00
VALL-SLP,18.__2038,0.00,0.00,0.00
VALL-SLP,19.__2039,0.00,0.00,0.00
VALL-SLP,20.__2040,0.00,0.00,0.00
VALL-SLP,21.__2041,0.00,0.00,0.00
VERA-TEMA,01.__2021,283.10,0.00,0.03
VERA-TEMA,02.__2022,0.00,0.00,0.00
VERA-TEMA,03.__2023,0.00,0.00,0.00
VERA-TEMA,04.__2024,943.60,0.00,0.01
VERA-TEMA,05.__2025,0.00,0.00,0.00
VERA-TEMA,06.__2026,0.00,0.00,0.00
VERA-TEMA,07.__2027,0.00,0.00,0.00
VERA-TEMA,08.__2028,0.00,0.00,0.00
VERA-TEMA,09.__2029,0.00,0.00,0.00
VERA-TEMA,10.__2030,0.00,0.00,0.00
VERA-TEMA,11.__2031,0.00,0.00,0.00
VERA-TEMA,12.__2032,0.00,0.00,0.00
VERA-TEMA,13.__2033,0.00,0.00,0.00
VERA-TEMA,14.__2034,0.00,0.00,0.00
VERA-TEMA,15.__2035,0.00,0.00,0.00
VERA-TEMA,16.__2036,0.00,0.00,0.00
VERA-TEMA,17.__2037,0.00,0.00,0.00
VERA-TEMA,18.__2038,0.00,0.00,0.00
VERA-TEMA,19.__2039,0.00,0.00,0.00
VERA-TEMA,20.__2040,0.00,0.00,0.00
VERA-TEMA,21.__2041,0.00,0.00,0.00
VER-POZ,01.__2021,540.00,0.00,0.01
VER-POZ,02.__2022,0.00,0.00,0.00
VER-POZ,03.__2023,0.00,0.00,0.00
VER-POZ,04.__2024,100.00,0.01,0.05
VER-POZ,05.__2025,0.00,0.00,0.00
VER-POZ,06.__2026,0.00,0.00,0.00
VER-POZ,07.__2027,0.00,0.00,0.00
VER-POZ,08.__2028,0.00,0.00,0.00
VER-POZ,09.__2029,0.00,0.00,0.00
VER-POZ,10.__2030,0.00,0.00,0.00
VER-POZ,11.__2031,0.00,0.00,0.00
VER-POZ,12.__2032,0.00,0.00,0.00
VER-POZ,13.__2033,0.00,0.00,0.00
VER-POZ,14.__2034,0.00,0.00,0.00
VER-POZ,15.__2035,0.00,0.00,0.00
VER-POZ,16.__2036,0.00,0.00,0.00
VER-POZ,17.__2037,0.00,0.00,0.00
VER-POZ,18.__2038,0.00,0.00,0.00
VER-POZ,19.__2039,0.00,0.00,0.00
VER-POZ,20.__2040,0.00,0.00,0.00
VER-POZ,21.__2041,0.00,0.00,0.00
